voltage,internal_temp,usage_hours,external_temp,humidity,load_percentage,temp_diff,voltage_deviation,heat_load_index,failure
227.4507122951685,38.24821725025618,11.64043170057699,24.654855613377865,54.842959452482745,56.348182958351025,13.593361636878317,7.4507122951685005,21.55217543448193,0
217.92603548243224,43.55481329284482,2.04967272390532,31.547035615393273,44.018086149190665,21.766126551206497,12.007777677451546,2.0739645175677595,9.480195780462314,0
229.71532807151038,37.075800790000386,23.33907336066965,19.21458363658008,36.93340408142305,29.35643243185472,17.861217153420306,9.715328071510385,10.884132407485522,0
242.84544784612038,41.9203847036096,12.432250353026351,30.125457891772996,47.895142016278626,69.0605191367926,11.794926811836604,22.84544784612038,28.950435300453385,0
216.48769937914997,26.063853330462145,14.740469863656273,45.20214739448772,21.34210375249288,44.65371140563705,-19.138294064025573,3.512300620850027,11.638477847373085,0
216.4879456457623,47.13293707372939,5.678634784980176,38.184452442017914,74.07484922674197,85.28258724993741,8.948484631711473,3.512054354237705,40.19618818336136,0
243.68819223261087,45.012054753622245,11.603954042563291,43.14833207296424,31.966142549731003,95.49595083989837,1.8637226806580074,23.688192232610874,42.98468967954724,0
231.51152093729362,36.82911368931809,10.299587806999725,33.12902301546181,23.073322954144608,82.50732327474265,3.7000906738562804,11.511520937293625,30.386715890868178,0
212.95788421097572,51.59245668432405,1.7975002080476097,39.34007858389157,65.75890850335554,43.979088069600145,12.25237810043248,7.04211578902428,22.68989196246918,0
228.13840065378946,54.37570137626558,2.5478484851392134,24.208282156257702,74.17552901765706,80.98177863082816,30.16741922000788,8.13840065378946,44.034410117487575,0
213.04873460781306,28.92440135631026,20.09934047085059,24.845277863824126,76.96803921149902,41.629750612361505,4.079123492486133,6.95126539218694,12.041156150750469,0
213.01405369644615,37.37275221433786,5.755678852958166,8.086878350900218,54.545642786242,25.03900789890705,29.28587386343764,6.985946303553845,9.357766378987016,0
223.6294340734905,37.30857650212702,4.678998515967133,39.48916379233839,34.37577292829897,13.005388437927166,-2.1805872902113705,3.6294340734905006,4.852125294762839,0
191.30079633013304,35.600968988911355,12.117874830003341,42.32259183855909,71.60593740748787,44.714504148491805,-6.721622849647737,28.69920366986696,15.918796755450048,0
194.1262325123045,53.294748419317486,18.44993115270031,25.57458203722184,68.9799154008036,91.32033733275537,27.720166382095645,25.87376748769549,48.66894403716404,0
211.5656870613854,43.06173861227197,1.48671644589571,27.96838634882212,37.23895138722213,31.508792898010885,15.093352263449848,8.434312938614596,13.568234037623562,0
204.80753319498365,42.35485158689389,13.84339007131814,23.96910309047231,83.23854291039551,28.58618484368056,18.385748496421584,15.192466805016352,12.107636164896057,0
224.7137099889291,24.961376355932465,2.8610506281737607,33.06122841181993,27.30600206579803,97.28387067169363,-8.099852055887467,4.713709988929111,24.283393091980052,0
206.37963886718182,51.35418030209226,0.875065219814843,38.99946036242593,88.7881767713928,12.250370156553291,12.354719939666332,13.620361132818175,6.291077177870079,0
198.81544447997064,32.60741605146528,1.2658548518932173,16.057824208951672,80.21734676842252,80.72039353543789,16.549591842513607,21.184555520029363,26.320834558480314,0
241.98473153382332,45.599326302663286,20.019938597002593,33.27550824513802,68.15290518353527,38.923296016678336,12.323818057525266,21.98473153382332,17.748760758396696,0
216.61335549270197,47.773769379581914,2.8313396070734775,27.786625826246837,85.7124921795883,13.37391611826934,19.987143553335077,3.38664450729803,6.389223843360728,0
221.01292307031886,58.60658595838651,1.0836327458950068,30.907155135733515,70.56178178265955,92.60222861886253,27.699430822652996,1.0129230703188625,54.27100471489526,0
198.62877720679813,31.911796008808878,10.509597291429895,33.671952013394325,33.331989792103215,22.567809718862527,-1.760156004585447,21.371222793201866,7.201793401139554,0
211.83425913212227,14.804878441791747,20.255843326608595,28.49438048981743,50.95092966789682,59.660135535312584,-13.689502048025684,8.16574086787773,8.83261054421123,0
221.663838845648,46.83849544753695,6.297801035743246,29.171305172753755,25.005211703214474,34.6648786686593,17.667190274783195,1.6638388456480016,16.236507617114192,0
202.73509633866547,63.005111815108535,10.121102820621992,28.28899865956289,47.27601956016808,15.867352196622193,34.71611315554564,17.26490366133453,9.997242993578894,0
225.63547027518507,57.38946352939438,0.9581407815300294,37.76252961430625,71.9122113816046,14.493023709704119,19.626933915088124,5.635470275185071,8.317468556187125,0
210.99041965121793,47.096594152746256,10.777884339237021,33.35007968101997,47.05103456515722,20.400102895270493,13.746514471726286,9.009580348782066,9.607753667328183,0
215.62459375310084,40.08363814367953,13.862713935291207,31.764668301898887,43.12059228276939,16.423031250044204,8.318969841780643,4.375406246899161,6.582948418491128,0
210.97440081655904,53.071225966373106,13.701769290051475,19.832386231261736,61.67490057572183,78.45023039679306,33.23883973511137,9.02559918344096,41.634499045022366,0
247.78417276763406,35.26453800295531,7.978240612184764,26.971362054294765,81.05431702992266,53.70095820550863,8.293175948660547,27.78417276763406,18.937394814332738,0
219.797541628931,49.76357769356219,7.572796335915252,37.18935328271339,23.33082347822787,40.86028822140817,12.5742244108488,0.20245837106901377,20.333541274873895,0
204.1343360656615,50.054701591666266,2.5589668544783493,30.301572584991384,46.982930428981476,47.65320191188064,19.753129006674882,15.8656639343385,23.852668015866062,0
232.33817368154783,55.6020990749888,8.803159695510441,35.27625175671311,31.07685192706839,93.60520620153609,20.32584731827569,12.33817368154783,52.04645949152566,0
201.68734525043467,72.59660038911078,2.3878720529511517,44.13209440262107,68.67479755123088,91.96766314643325,28.464505986489705,18.312654749565326,66.76539690161965,1
223.13295392507132,48.92415967178767,18.39830267308924,38.30884855367053,27.40071923017944,74.41088321103192,10.615311118117141,3.1329539250713196,36.4048993153527,0
190.60494814180336,39.910363742925014,23.19058314595646,30.745266701597938,66.53654310061711,89.6214139679519,9.165097041327076,29.395051858196638,35.76823230616221,0
200.07720926652354,44.74425687808006,23.281786960000964,25.912086638434182,40.032660955853515,38.768322482886234,18.832170239645876,19.92279073347646,17.346597799065083,0
222.95291853803684,27.30924095110882,20.761706385009454,9.571603231552814,33.92417696160573,44.29983934074546,17.737637719556005,2.9529185380368403,12.097949866518274,0
231.07699869993115,38.05286868910942,14.419011584150859,28.65292062021718,85.54467904774897,65.23409636688052,9.399948068892236,11.076998699931153,24.82344503101614,0
222.57052421784957,40.90717561886896,16.82077673385312,27.391900033465205,21.29672037221691,66.12633525675378,13.515275585403757,2.5705242178495666,27.050416093802333,0
218.26527576417638,39.759116020654076,6.844939264329938,33.122929555163005,50.64440903226983,53.35298542111069,6.636186465491072,1.7347242358236201,21.212675374062055,0
215.48344456616067,46.52354872033722,15.138490084142894,28.7687581842025,21.513889472325566,46.059206359415796,17.754790536134717,4.516555433839329,21.428377310823468,0
197.82217014448858,36.775800676177994,10.93558918655706,27.436919524505644,53.85151336730303,98.75622804478256,9.33888115167235,22.17782985551142,36.31839358106103,0
209.20233687407938,56.210306673244716,11.56841615464638,15.764808555942235,55.07331644560927,83.90112635059519,40.44549811730248,10.797663125920621,47.16108042397609,0
213.0904184356032,45.002070649181974,18.18663744900379,22.480257366799467,42.51637299763229,49.14821780992407,22.521813282382507,6.909581564396802,22.117715701635866,0
235.85683339328375,44.90699678861385,6.7660405343340395,33.81320832640446,29.25132442675166,75.45632295156116,11.093788462209396,15.85683339328375,33.88516852466367,0
225.15427434352694,41.72105283487082,7.632950680668477,43.72726104906155,46.34712764141327,34.26055239272135,-2.0062082141907354,5.154274343526936,14.293863165285872,0
193.554397669559,46.551906838589794,22.19140298708728,29.219796930035013,67.05840579527961,19.01523936135969,17.33210990855478,26.445602330441005,8.85195651263502,0
224.86125954092194,53.25098264667635,1.3493830764233339,32.62248858859299,74.76770660511214,41.71879229974665,20.628494058083362,4.861259540921935,22.215666847941037,0
214.22376579375526,36.328697842890996,11.65522316192017,37.619825255622445,57.15254216716996,46.26755201110548,-1.2911274127314485,5.776234206244737,16.808399169416944,0
209.8461699954106,38.41883510924743,21.907219209788682,23.512848510398,61.28840761078289,11.488341210460373,14.905986598849431,10.153830004589395,4.4136868664344915,0
229.17514433261303,41.96273971223335,14.648712187635768,32.93451234628354,34.04314597872569,83.33128014723064,9.02822736594981,9.17514433261303,34.96808818705438,0
235.46499283743927,31.541290765267853,13.11376978109117,24.076079149342732,40.11312332593546,42.327406215026336,7.465211615925121,15.464992837439269,13.350610267677514,0
233.96920178674299,36.807421402785025,5.993860301504525,36.91859550792809,31.33269270366509,62.23763492021323,-0.11117410514306414,13.969201786742985,22.908068556209773,0
207.41173715166042,40.23779126455341,8.238611737546758,31.21122438361386,37.45067450032279,16.656686854386038,9.026566880939548,12.588262848339582,6.702282888058161,0
215.36181436223177,53.74389180712728,20.44916197931263,32.38761451185152,35.742074615787224,25.74971458755256,21.35627729527576,4.638185637768231,13.838898748578318,0
224.96895147105346,47.62561329001925,13.421235162442995,23.73921122065129,56.36141504738663,90.0724352794804,23.886402069367964,4.968951471053458,42.89754970710821,0
234.6331769068354,46.93589911367545,12.353812650162716,35.65625887688628,59.38821290535106,64.78187750945207,11.27964023678917,14.633176906835388,30.405956671781226,0
212.81238643232064,53.50897962167972,2.389913124960694,46.67770336984813,86.14631945750531,95.5255645153437,6.831276251831589,7.187613567679364,51.114754850009774,0
217.21511535004274,43.62628211600603,0.3846757549229549,21.93670643657435,33.68994529710662,99.88750309521852,21.68957567943168,2.784884649957263,43.57720389895429,0
203.40497538990957,48.904648499288896,23.12844452848918,27.28192793881981,64.91729971130471,43.467410379978496,21.622720560469087,16.595024610090434,21.257584258071898,0
202.05690063878993,43.96778247067504,9.047668014884199,31.852859793344734,77.2081488291266,36.892275767494716,12.114922677330306,17.943099361210074,16.220715557933637,0
232.18788733591296,47.653623493996285,14.477113490388103,36.291249695966535,59.21690246481368,87.25204496431871,11.36237379802975,12.187887335912961,41.578760998108784,0
240.34360042856235,39.17241342388418,1.9131617564948398,25.523629717684248,37.8502556750753,99.87502843337087,13.648783706199932,20.343600428562354,39.123459045141914,0
218.919848176295,20.61182841723571,16.394742857353116,7.33575767885808,38.37851610140002,66.66771108092115,13.27607073837763,1.0801518237049947,13.741434217697906,0
235.05299346838035,43.65720837813696,22.38160100894306,40.8735159533122,22.747713714969994,81.56266502603701,2.783692424824757,15.05299346838035,35.60798262917881,0
225.4245403757145,59.227481360999406,13.815966071938071,36.08404895667314,41.38109585839372,80.3571272933747,23.143432404326262,5.424540375714514,47.593502589918074,0
210.32320368092314,54.26215402241593,3.0267677370098536,16.056419756106678,72.12225753023661,41.98057373975922,38.20573426630925,9.676796319076857,22.779563582162044,0
225.42093408262622,54.653974845911705,13.96131665936344,25.139449665763554,23.326243004497726,61.684334223137846,29.51452518014815,5.420934082626218,33.712940510181866,0
243.07054849698955,57.36130721806218,18.392333114511658,42.54545943621861,35.35066977533815,84.97512471377922,14.815847781843573,23.070548496989545,48.742842346002384,0
219.46260941335072,45.88657590961437,9.753996877776448,41.58237134766293,69.43627489722473,71.930248863495,4.304204561951444,0.5373905866492805,33.00632824672216,0
243.4696548372101,46.973157074055955,21.116105950595227,37.509120181431555,74.78560939760136,11.904743258383444,9.4640368926244,23.4696548372101,5.592033750023543,0
180.70382343865384,38.8234810456565,15.568390880576747,28.5911005283211,51.87228870433499,40.303510200778014,10.2323805173354,39.29617656134616,15.647225643533286,0
232.32853756562835,41.8392714397295,21.58197403894086,30.66389935050008,68.86520369350542,23.002812693514482,11.17537208922942,12.328537565628352,9.624209241612077,0
221.30570602357255,51.15771149771142,14.964127469936093,28.952593558990987,47.15665180584244,30.96749908702352,22.20511793872043,1.3057060235725544,15.842263840995908,0
215.514889743012,57.038844371688164,3.1509113281157815,39.0259182661507,31.193927151688925,91.49405297421931,18.012926105537467,4.485110256988008,52.18715048531488,0
221.37641164803253,43.60553724319001,7.432601066524539,22.99326074803912,47.87046454660346,13.320396001969133,20.612276495150887,1.37641164803253,5.808430239579042,0
190.18646628098662,40.498107351485885,4.843078758058966,23.553602760926363,60.59774741422,29.782064076573135,16.94450459055952,29.81353371901338,12.061172281218902,0
216.70492168243732,45.005279588565976,21.811835945204695,38.08219669468812,86.36372972970231,37.86124170144083,6.923082893877854,3.295078317562684,17.03955768343618,0
225.3566885726762,51.01206748929115,18.249601614899582,29.645108355907507,24.81256664620741,65.51956647697554,21.36695913338364,5.356688572676205,33.42288546992574,0
242.16841067112273,30.56145183866458,16.233560853840146,41.027738843630466,55.51758656914724,58.069152107727895,-10.466287004965885,22.16841067112273,17.74677595452414,0
212.22594672589528,22.03819046862762,7.22319167115892,24.627902344155636,43.024384474750704,29.644253456804748,-2.5897118755280175,7.774053274104716,6.5330570398133565,0
207.8725959566022,39.494631505084165,4.4170745292051246,29.5617731172894,55.58181859936862,24.7816960500839,9.932858387794766,12.127404043397803,9.787439535690634,0
212.47364434623196,32.79287574085841,18.154826111733882,22.620696121248372,21.678281316357218,31.311823113650693,10.172179619610041,7.526355653768036,10.268047245856856,0
233.7310317655311,39.91859802352689,11.379790701097912,30.058901451388536,41.9117748291107,55.227666403149,9.859696572138354,13.7310317655311,22.04611014924746,0
224.93126664489526,43.52219681182528,5.418949251615099,18.171624504009607,77.39077032689035,34.40600071400831,25.350572307815675,4.93126664489526,14.974247345828708,0
212.05359694349443,40.467515909769865,14.798927475966602,26.0989326323603,58.77592136982463,95.284225144695,14.368583277409567,7.946403056505574,38.55915896993039,0
227.69901149670034,59.524675344707454,0.9680124513228474,18.509969080575058,51.54077449712822,51.74786992859628,41.0147062641324,7.6990114967003365,30.802751572798435,0
221.4561632402206,48.2674476460232,7.828086099078084,35.551385865530065,39.98675502007377,15.291641489017335,12.716061780493135,1.4561632402206044,7.380885049929005,0
234.52967485799334,48.004743596108284,11.24536787018723,35.73271471807721,40.86297659539491,75.633976525297,12.272028878031072,14.529674857993342,36.30789650250956,0
209.46920359183972,51.22207144043402,3.55100001862574,16.157898156125242,46.81710035134091,39.596075938809065,35.06417328430878,10.530796408160285,20.281930304985284,0
215.0850678010335,33.61166882219231,23.63170746218015,40.67108596400458,78.48994969751922,68.81400388524227,-7.0594171418122755,4.914932198966511,23.12953508919818,0
214.11837770301764,55.391117874202685,5.018336750150742,49.979321011358834,87.70492447657878,35.16349334709088,5.41179686284385,5.881622296982357,19.477452048574527,0
198.04727577801822,44.2423571346454,3.128475121038373,30.368051093890728,50.70587669452622,61.366936755998786,13.874306040754675,21.952724221981782,27.15017932218096,0
224.44180415596864,51.70480617241213,4.8848369732855135,24.87108591820284,47.53469871234333,79.49372543267182,26.833720254209286,4.44180415596864,41.10207665419245,0
223.91582908269834,34.28142766959844,18.45746719583338,52.59464472802437,79.2585543073904,93.52078675970985,-18.313217058425927,3.9158290826983375,32.06026086906933,0
220.07670184963692,29.462412339839357,10.212135822524228,19.448252013579914,49.88337244454125,33.501442998976934,10.014160326259443,0.07670184963691895,9.87033327615483,0
216.4811929993728,53.17889658025029,13.569982554060912,30.160851734952786,58.641272060695584,40.13712558990831,23.018044845297503,3.5188070006271914,21.344480507742514,0
198.7694388692438,48.76409526097517,0.5042197676726579,31.436978181055387,36.16591652191211,51.78397782573457,17.32711707991978,21.2305611307562,25.25198827686346,0
213.69032015851963,35.9794844564249,0.8263514057595494,40.76118096361932,72.04517750453527,93.445735396239,-4.781696507194418,6.309679841480374,33.62129384208175,0
214.85928225209847,36.303369187253054,10.699813195848389,32.87791180101431,57.23918227895473,91.12481711295914,3.4254573862387474,5.140717747901533,33.081378777726705,0
207.96584096167572,56.254347844147695,19.599725836838964,26.01092883369239,76.63241851682392,18.089045209057424,30.243419010455305,12.034159038324276,10.175874413588296,0
217.58071432500986,33.10588107132672,21.245733088981567,22.39052503689635,74.65129110200688,21.873684317842976,10.715356034430371,2.4192856749901352,7.24147591618254,0
226.0607628522181,61.426729532559634,2.080957622295365,27.265425438030917,35.050333778902,54.59582595975744,34.16130409452872,6.06076285221809,33.53643034836718,0
248.29278851815795,35.99379265352131,12.920714450424548,21.944581112438847,70.09448853904337,19.595734552488114,14.049211541082464,28.29278851815795,7.053248063757004,0
222.61866719247757,51.38391925608383,21.91751247070249,30.382602558277462,76.003808556596,41.10227860138277,21.001316697806367,2.6186671924775737,21.119961648945146,0
223.86325586084146,41.71381524251015,9.311346105549273,25.48643056111611,44.227506854767654,23.354684039572987,16.227384681394042,3.8632558608414627,9.742129750739482,0
218.8833112635075,51.03187431082343,19.909579954280847,18.047697653681993,32.08263790315922,67.24363196186972,32.98417665714144,1.116688736492506,34.31568574481405,0
191.21843177051437,39.558859978858074,3.208695705586469,40.04116630699923,20.18425089057117,95.45458885652455,-0.48230632814115637,28.78156822948563,37.76074714914721,0
219.60229186826174,43.37207093927706,22.449467752027168,26.018619812567685,51.56325571652037,99.70603932649433,17.353451126709373,0.3977081317382556,43.24457410743061,0
220.9034531491154,45.40919175395721,18.034159620751264,19.8549055601975,44.67029120771891,43.771701924722336,25.554286193759708,0.9034531491153928,19.876376060967743,0
256.9486316872793,34.978125442185274,22.59202542688564,28.653926924099668,58.843688367778626,63.91113734031511,6.3241985180856055,36.94863168727932,22.354917790422732,1
217.11458552828316,52.408243454201255,16.238813605260155,30.54697252774127,33.162876481215,87.06408881716732,21.861270926459984,2.8854144717168424,45.62875962848306,0
224.52321013500418,39.867864335284146,8.721694367986249,16.02826619536773,80.17658833665325,20.571586551674557,23.839598139916415,4.523210135004177,8.20145221803717,0
219.47932345442135,42.714000846599816,22.516348140593337,32.6531813370061,38.04286509396768,72.06079699467685,10.060819509593713,0.5206765455786524,30.780049438372842,0
202.46982943570703,35.056506253914876,6.613602631420283,21.622739450477884,35.8500723561355,46.795929555256144,13.433766803436992,17.530170564292973,16.40501797111597,0
237.14234221772531,19.376663412046895,7.972140529481581,43.6882304735263,53.649983953904915,28.553154425214768,-24.31156706147941,17.142342217725314,5.532648626495838,0
231.2789954903016,43.08972237399831,16.81940203204177,34.191684096613876,54.9195716620992,46.24782568726978,8.898038277384437,11.278995490301611,19.928059692655225,0
231.8654792056457,69.12615421612915,18.36759118860927,26.800800079125466,35.055966014956496,16.836425826842518,42.325354137003686,11.865479205645698,11.638373681547357,1
206.3591881780789,52.84604287898024,22.305683612379692,24.038657837461194,39.0302508708141,72.58664337303752,28.807385041519048,13.64081182192109,38.35916868132788,0
241.04191466404149,44.80739620265605,4.915257817349028,29.16025833949101,31.879366740867145,32.746840187360775,15.647137863165042,21.041914664041485,14.673006426601336,0
198.9722340581158,42.37109170791732,19.151952845261377,34.902325932666315,70.29221248262166,38.02650805403902,7.468765775251008,21.027765941884212,16.11224660089544,0
228.80285640700404,45.22465892812046,17.72510528152712,29.796046971318404,73.90623218778573,20.897316841731644,15.428611956802058,8.802856407004043,9.45074026680181,0
252.85683438714966,50.4711911517521,1.5310693500863488,28.26272954290515,52.36299482214978,87.81932025009026,22.208461608846953,32.85683438714966,44.323456991592394,0
205.14195512303968,33.19187184691155,9.293355389044967,30.466962326543165,69.98609158795122,54.409985135446476,2.7249095203683886,14.85804487696032,18.05969253808102,0
211.50553405595844,56.143216946688725,6.786370969442366,25.16912855010436,71.5154774356212,61.49321900077602,30.974088396584364,8.494465944041565,34.5242713511081,0
221.4947704763146,52.15381315441244,7.3077701844967295,27.2543525852557,29.6792869374466,61.24894147853691,24.89946056915674,1.4947704763146135,31.943658497771562,0
212.44786518825703,52.18185725707934,23.59072510931282,13.313660488759968,87.63246173841758,46.94438030872076,38.86819676831938,7.552134811742974,24.49644952291713,0
196.740048534008,49.38475738809727,15.42665792351827,37.78980984681894,77.47223629675017,27.327692389432553,11.59494754127833,23.259951465992003,13.495714586286788,0
221.0284446220904,45.1961665769399,17.22422778704399,32.3903822425741,34.31384228370764,77.061947364856,12.805784334365804,1.0284446220904044,34.829046098454064,0
204.06544429410843,51.7286123596682,23.43882329556022,23.81235324773256,33.03155250222492,21.43506388219069,27.916259111935638,15.934555705891569,11.088061104665666,0
227.10388645952773,50.91814133741378,9.05284277898333,45.18987985084191,28.79628019057079,19.348641125092946,5.728261486571867,7.103886459527729,9.851968434943794,0
206.20863648649296,41.45959289058976,19.244164042867343,30.696131843139092,29.686499377934286,73.91305338368531,10.763461047450669,13.791363513507036,30.64405102588021,0
243.24901607526309,39.26398227103099,10.428743119307889,21.710851424198424,72.37132593200873,28.795331840678543,17.553130846832566,23.249016075263086,11.306193988808566,0
208.25120061495645,46.01856295261987,20.868808123559514,36.85389937176367,52.87579798661365,37.60954762175491,9.1646635808562,11.748799385043554,17.307373348512833,0
215.16907725691487,60.49020151495188,4.335780991471276,33.1843857320741,74.80539209179071,52.77047203015662,27.30581578287778,4.830922743085125,31.920964871433057,0
232.20275826054504,32.60892924346099,22.74446824954271,33.15663988387375,72.23784260451438,50.44161850565916,-0.5477106404127596,12.202758260545039,16.448471687766922,0
201.53703525349067,30.3247473424756,5.250521001861112,26.593955162787275,62.32288994536551,73.77212125584992,3.7307921796883257,18.46296474650933,22.371209380021227,0
223.41189901906193,46.647608412365166,7.829292167542357,33.60396579022428,68.04566246050757,66.10886140990249,13.043642622140887,3.4118990190619343,30.838202796364502,0
239.60714131423643,45.50887701856018,18.14861361856273,27.905933678231243,21.284900706539926,67.99565460536792,17.602943340328935,19.60714131423643,30.944058832321833,0
195.88775148158157,46.73341664370408,9.450123397569762,34.44753161316674,41.82443527635154,74.26488975899116,12.285885030537344,24.112248518418426,34.70652035105686,0
222.76950787798455,47.439531979085004,14.597073042394719,14.76044436791489,64.64755254815871,36.335145468111875,32.67908761117012,2.7695078779845517,17.23722295399199,0
223.89824191372637,42.76797745365195,10.669764025666284,26.52901229616649,20.654146744037092,39.00999806204263,16.238965157485463,3.898241913726366,16.683787175844454,0
231.72734307665965,59.898634386020824,17.816878490154764,43.777240782465555,22.30838605778154,49.41979731059987,16.12139360355527,11.72734307665965,29.601783705388765,0
201.44573933682878,28.990960215234843,5.47995005684666,23.863460356797596,79.63215877292683,37.67159557301734,5.127499858437247,18.55426066317122,10.921357285017628,0
200.19315080373585,36.71502975219754,1.4029916936850482,25.169293620054507,67.88174031844503,98.64440820737771,11.54573613214303,19.806849196264153,36.217323822217914,0
227.82912348425347,43.96745239850953,7.19830553935359,26.4163092924002,38.57588131842408,83.26467337792867,17.55114310610933,7.829123484253472,36.60935563221523,0
224.4547700984978,28.568111888458326,11.383407956842326,20.281550912890854,68.15739880830964,24.81892194304266,8.286560975567472,4.454770098497789,7.090297390197562,0
223.75739275518814,43.241455955679285,4.032481252624286,12.333753790173983,75.47196683974843,10.503474029368256,30.907702165505302,3.7573927551881354,4.541855096225487,0
225.19672314245463,61.61470165728018,8.515134951753328,28.155308811811096,41.47559981770709,13.850494142254107,33.45939284546908,5.19672314245463,8.533940643808934,0
209.79962917632264,45.20886488295962,9.599592439045644,31.086875392653255,22.522616424943124,31.965710593863275,14.121989490306362,10.20037082367736,14.451334911257556,0
223.48380545741506,47.30700905718683,1.3774042485185651,29.579959451690783,85.29453872814142,20.28621572531709,17.72704960549605,3.483805457415059,9.596801910536215,0
224.3960870994802,32.3983523482742,13.999373956420909,28.840971504416906,44.162588680694135,58.00043034033149,3.5573808438572954,4.396087099480212,18.79118378517593,0
209.2847287296045,38.83638591960523,21.2242422713109,30.344326966803102,27.453723429929447,87.21957004546228,8.492058952802125,10.715271270395505,33.87292882027613,0
247.98661766717134,41.24803619676063,3.641829910873258,38.182731772406115,54.42998099752032,76.30751988219046,3.0653044243545153,27.986617667171345,31.475353421856234,0
227.10749381367683,41.82284903243766,14.347392321636336,28.476430512566267,73.79274569648936,29.40481567739714,13.346418519871392,7.107493813676825,12.297931669024367,0
202.13044754196028,57.81643795003769,15.95374091786031,25.407339383301842,35.51531202322914,45.936933042320724,32.40909856673585,17.86955245803972,26.559098388563722,0
229.84830412950745,50.57691060725124,10.06403233006292,27.75099612089531,38.864303509335436,55.710478857814984,22.825914486355934,9.848304129507454,28.176639090788687,0
205.37977494659017,33.88542043062968,16.82634209674248,34.63477407805421,36.99004907590082,82.9185264553002,-0.7493536474245275,14.620225053409825,28.097291304261365,0
231.80626905613678,47.46504778432005,9.85755704378429,41.296215028346,89.41711369821748,85.52094427955483,6.1688327559740515,11.806269056136784,40.59255706789242,0
237.37893368511106,49.98221748496785,12.111294911458437,24.974850086646573,33.81826136113798,91.87464807169984,25.007367398321275,17.378933685111065,45.92098641274583,0
207.68976522472434,56.40149038521267,0.1764730693062475,30.79147029623107,60.28641518762868,55.83207254525877,25.6100200889816,12.31023477527566,31.490121028479084,0
234.45064193866483,60.805406865683736,16.60128273923253,32.70685953548768,84.7685249159875,72.48472717922766,28.098547330196055,14.45064193866483,44.07463327681022,0
226.19171390404748,34.84905808172131,15.872224294673387,22.059375946169418,30.282759821444547,20.062033411054344,12.789682135551892,6.191713904047475,6.991429675792663,0
232.33090239991736,36.89142488789662,0.9216210558322695,30.163337337703346,87.95979385073902,60.87600639585839,6.728087550193273,12.330902399917363,22.45802617427924,0
248.4518947398092,32.42422141085384,8.838002577483195,18.27460914126324,86.32340640769372,32.382262852402164,14.149612269590598,28.451894739809205,10.499696605107552,0
216.31917825995694,42.659801408930186,23.496764179000017,15.84759757008481,81.92003909407838,48.854519652395,26.812203838845377,3.680821740043058,20.841241062998474,0
208.69395753463766,49.663583744463345,10.097677501646803,32.933971263138055,35.018956493100156,67.06454574760474,16.72961248132529,11.306042465362339,33.30665684020561,0
206.65728355561714,54.87334516589102,12.046689723164201,26.929002069353736,64.38385392076884,33.128734406840294,27.94434309653728,13.342716444382859,18.178844780156773,0
207.76284572551842,44.24048976357477,21.838323795833247,31.618243260969752,73.26240310728681,14.696655201708497,12.62224650260502,12.237154274481583,6.501872240099726,0
218.84347435878843,41.80152476745156,17.214285020778153,29.8568401839332,89.02195497375008,10.921047076788176,11.94468458351836,1.156525641211573,4.565164198668653,0
225.11727962224967,46.51757992248741,13.969683146981366,22.18879961068962,32.62966754569593,11.994358199006939,24.328780311797786,5.117279622249669,5.5794851614124745,0
224.15036198995028,36.64857098369977,19.14731235218574,29.637965584285308,73.62181296635075,10.75147637623927,7.010605399414462,4.150361989950284,3.94026245154176,0
232.40774873554037,65.89538721694774,20.744790394943358,20.13518955988116,43.71608189489791,19.931955090208792,45.760197657066584,12.407748735540366,13.134238986601208,1
220.19502837816862,28.923389728819412,10.965313721694404,41.127778864011205,32.293852589760164,31.553984311311687,-12.204389135191793,0.1950283781686153,9.126481857331212,0
241.80301115735975,46.847405788957246,11.402600758364049,19.15223724112029,49.49638588496985,29.909936276406928,27.695168547836957,21.803011157359748,14.012029218626884,0
216.03014750143066,65.2360621922964,9.265222455644059,28.43371783225135,75.56851385040315,98.81169347619071,36.802344360045055,3.969852498569338,64.46085780938907,1
260.8025374988443,45.067998445599976,23.200947360443053,21.66182729562201,52.53948625928365,37.54054946880489,23.406171149977965,40.80253749884429,16.91877425107068,1
229.38501021647508,43.099609649985055,16.73199010296841,34.563369386886365,57.626617014213394,21.467870502345917,8.53624026309869,9.38501021647508,9.252568386675376,0
207.14263665375577,41.42554577189573,1.997353588993735,27.34854902974798,89.66115871400848,59.10062897509822,14.076996742147749,12.857363346244227,24.48275810755758,0
203.9366125290833,43.19608318237592,20.711030959512442,25.850666243030318,47.93765096901982,87.21617098577575,17.345416939345604,16.063387470916695,37.6739697674989,0
227.23708622864777,58.728484746765304,11.533438580070435,36.825612360412435,63.078052829646786,71.02543391089077,21.90287238635287,7.237086228647769,41.71216112068136,0
216.64805822011223,22.88138088670493,1.6500937541396992,30.23544473342042,45.56709411307603,36.647388022190526,-7.354063846715487,3.351941779887767,8.385428438386095,0
230.71000741138138,60.33433701296325,13.193214123919464,34.13315556748774,47.49499524300934,60.54545438123095,26.201181445475513,10.710007411381383,36.529698492401806,0
227.09856436860318,30.76042847549855,10.011942695416849,22.14939250786028,68.69485274117856,74.33703767803682,8.61103596763827,7.098564368603178,22.866391305756924,0
218.9075663101469,42.333476707655855,21.065985716702997,18.761464448579943,85.65208832664185,75.5294043130968,23.572012259075912,1.0924336898530953,31.97422278231605,0
207.29809422897392,40.707555797013384,4.895870486625297,30.85766369632107,57.9651265344625,69.988460976792,9.849892100692315,12.701905771026077,28.49059180359854,0
197.27729162971204,50.8855326977072,19.83515062781239,27.44922915604215,73.78799502641459,88.37293822980561,23.436303541665048,22.72270837028796,44.96904037885233,0
213.30227571899468,29.018756481162526,13.384528588450866,35.01147737963156,26.244459117187468,88.30949125096939,-5.992720898469031,6.697724281005321,25.626316215872336,0
232.84598191485208,49.62172666081943,1.3106472771232571,29.360732378699602,34.78106262023489,62.10429034663029,20.260994282119825,12.845981914852075,30.817221200446554,0
223.21140616195305,65.24309623286852,23.32428723181163,31.64060271387704,55.14921486436727,48.687073220009104,33.60249351899148,3.2114061619530503,31.7649540338977,1
201.31391831932018,31.368259954071895,12.302765858476798,17.012939760470054,21.400820654014236,67.74132660085898,14.355320193601841,18.68608168067982,21.2492754244943,0
222.59771388776772,46.89706167610396,6.98104450155798,45.10749551691406,37.699848513379116,83.63908012334169,1.7895661591899028,2.597713887767725,39.22427099076956,0
225.77976069593257,38.38017822203391,11.265764207742194,28.686064119743744,56.21809028774763,10.508689435706625,9.694114102290168,5.779760695932566,4.033253734224252,0
206.742138456983,49.25887206193036,20.588586804419734,35.58069576271359,21.047283877941048,99.2797308113366,13.678176299216773,13.257861543016986,48.90407558378515,0
222.30587658918293,45.19147777415752,7.317674985241524,23.311266638242987,38.51824003582292,26.460439509627932,21.880211135914532,2.3058765891829296,11.957863639937903,0
220.87313077669,38.5851309095569,4.624233515680808,32.46407921773873,55.98215736331086,52.322408709397855,6.121051691818174,0.8731307766900045,20.188669895554565,0
202.85544553254064,49.87872284871074,3.097709926341155,19.57724189180204,60.120447358687194,88.482676135858,30.301480956908698,17.144554467459358,44.13402879892693,0
225.36681040522424,63.04348109786743,7.14862556136507,33.61654270607737,84.80261851387138,30.253635913977945,29.42693839179006,5.366810405224243,19.072945238846316,0
228.41176789552352,43.09096208272701,18.721154088961043,27.152207324913338,65.17419362754255,52.91157015103449,15.938754757813673,8.411767895523525,22.800104631157772,0
236.24576864762915,52.19757942148182,11.31903276468628,30.23352403148454,49.03150617709956,21.932396216306124,21.96405538999728,16.24576864762915,11.448179934040462,0
235.80703078052355,32.06727042128836,5.4595584886449595,35.58379224104078,85.12458239931475,45.556869284937335,-3.5165218197524197,15.807030780523547,14.608844469073713,0
199.33495948064365,35.43563623181991,3.9884399906339807,20.13967751023776,74.9418088371456,25.942190931370227,15.295958721582153,20.665040519356353,9.192780409004527,0
205.93262440127316,49.72406277880377,7.985507436249098,24.524066155097625,34.00062447789233,42.72649738940413,25.199996623706145,14.06737559872684,21.245350385091264,0
227.7255290081299,59.84116028535965,22.55818494925701,33.65859424869412,29.158965294417385,43.611779511344984,26.182566036665527,7.725529008129911,26.09779488068159,0
227.70678926368313,48.5561334878566,8.232641102160585,46.78577179637398,67.30681450199131,99.38537106384995,1.77036169148262,7.7067892636831345,48.257693441164584,0
227.7257152945907,41.86941969476845,23.714977822911248,28.895341322708145,59.19182159038887,99.5331726373395,12.974078372060308,7.725715294590714,41.67396178704611,0
277.79097235982084,44.99291405423354,11.645530938368548,34.72908894339146,75.27715296549289,20.33076507945512,10.263825110842077,57.79097235982084,9.147403658767367,0
228.56335766039751,32.495922660302824,4.299934038963621,29.144228241132158,71.71635350550805,75.33719013955125,3.3516944191706664,8.563357660397514,24.48151504219386,0
237.033484602709,51.045153263553665,21.387362203044226,45.53796475805039,63.764807370026055,14.657093170219103,5.507188505503272,17.033484602708995,7.481735672720198,0
234.31002645239803,53.82333062323409,11.048528955235845,16.022226664277955,89.04675201402246,12.717281380346977,37.80110395895613,14.310026452398034,6.844864403631142,0
229.77086876958697,40.4790966716692,17.032112244108585,30.756968357354864,57.35128110772861,19.48005048204679,9.722128314314332,9.770868769586968,7.885348466317681,0
215.2709613303948,40.299578522404985,23.609077997019643,16.99564773150351,27.917402955120387,96.89370913071406,23.303930790901475,4.729038669605188,39.047756394402796,0
231.384538307399,47.658782296520485,1.204208407679376,9.947427435706267,77.97914953711918,94.67771931052276,37.71135486081422,11.384538307398998,45.12224812951278,0
208.40762178193643,40.63280263959405,2.3206694349016113,32.37969642494253,37.62973536419963,27.45350382526124,8.253106214651517,11.592378218063573,11.155128026971802,0
216.44772089889986,44.338673853741774,17.29096179510615,31.115982369179672,74.41115037007428,24.550510199834036,13.222691484562102,3.5522791011001402,10.885370646934021,0
212.71954678256344,65.99721789166516,6.763800079091328,27.721304498062388,86.9974967200036,31.64815778643523,38.27591339360277,7.280453217436559,20.886903653011654,1
221.22811209079484,42.52974299254004,4.4232335268023775,29.150447279681973,68.77568597750388,56.39922946676279,13.379295712858063,1.2281120907948377,23.986447341987123,0
254.71987850010262,41.41659847978778,0.9446851156735079,54.786395472570064,61.722111266486074,61.27341688318689,-13.369796992782284,34.719878500102624,25.377365045356008,0
191.99102211112378,38.52458194364841,0.5243210876688433,27.934598895748525,52.22703229725284,29.94340873955026,10.589983047899882,28.008977888876217,11.53557303658962,0
230.29390285561772,52.441919714999365,18.58765447487498,34.080994890000596,45.50869061967823,78.09605092809507,18.36092482499877,10.293902855617716,40.95506832829663,0
195.8092619321552,43.18775826781897,3.2264022568692,24.80508144308895,44.710332568028534,37.85978524623857,18.38267682473002,24.19073806784479,16.350792532860904,0
212.9210220131585,38.506269616785744,11.225294783307621,32.361860600324825,64.54608939967133,92.99181929764693,6.144409016460919,7.078977986841494,35.80768066030612,0
236.3342589545105,58.21304032273012,14.541523564307592,28.09413059955506,72.5891181856422,69.10504358110575,30.11890972317506,16.33425895451049,40.22814688490931,0
220.96420028643195,59.19603004513637,10.28044321365231,26.71585213816216,67.49619486390901,49.27160748732505,32.480177906974205,0.9642002864319466,29.166835571918597,0
203.8338283310604,38.99576434261295,0.6505596560695945,44.5511882576026,33.88870708354939,81.09208015325608,-5.555423914989646,16.166171668939597,31.622476477086547,0
209.2704443611005,26.33460048639384,18.804036062109812,39.41747970547471,54.57910261004438,83.61231634419983,-13.082879219080873,10.729555638899512,22.018969466664803,0
230.19396623402014,55.07513689836922,0.2523173889996837,31.093973179193846,75.41480505281442,36.14334450480493,23.981163719175377,10.193966234020138,19.905996465670526,0
209.04450052424295,38.15370174239996,18.285357465059615,11.566304512448266,53.29928547323394,40.574308945247594,26.587397229951694,10.955499475757051,15.480600819009673,0
223.24687884372963,52.90625599162769,21.439307850914943,27.111926213979444,57.56362958148457,94.23596383557431,25.794329777648244,3.2468788437296325,49.85672026302664,0
220.6835775985572,25.298961822881644,10.388158105372135,51.624220515240665,73.97952337195755,24.82669345269447,-26.32525869235902,0.683577598557207,6.280895698481031,0
210.22599478591275,53.92597338299309,12.853019354347158,28.154706666882333,66.2885714385564,13.793537526664078,25.77126671611076,9.774005214087254,7.4382993752020345,0
252.1591613398799,32.88828070719219,11.447601422823691,38.82574057642927,48.65414446176749,50.864979034859424,-5.937459869237081,32.15916133987989,16.728617086639023,0
229.50878533477018,52.307641190665244,9.341006846962532,41.53553921562081,82.67888978359532,82.10889102192661,10.772101975044436,9.508785334770181,42.94922410138371,0
189.6228612001359,45.142730678364344,21.298188848888646,31.7517113268478,31.379694806443503,79.45012956796712,13.391019351516544,30.3771387998641,35.86595801447891,1
222.7968147215414,35.460605806033556,21.454404256079773,23.26542694505478,89.68615140132273,92.75775660215493,12.195178860978775,2.796814721541409,32.89246242321022,0
210.07320302847418,40.929636870732196,8.059592751396828,10.517501345736893,28.319680493336605,57.98805979321362,30.412135524995303,9.926796971525818,23.734302301745398,0
232.78650002194337,51.86318456956701,14.761674096352753,35.47330566887164,21.046497977296724,19.005820440987996,16.389878900695372,12.786500021943368,9.857023734270099,0
208.11218892350948,46.05894453115234,22.24578149150074,23.481951977411615,82.30132308041354,62.982007690241446,22.576992553740727,11.887811076490522,29.00884798665441,0
218.27895337799652,50.844129804724844,23.089403974592436,31.409203615101536,37.14674558561693,80.05560529178905,19.434926189623308,1.7210466220034846,40.703575870515394,0
227.57480918470685,64.76440584515485,12.215016970129142,20.001437283285085,71.07897392127046,18.399530824284376,44.76296856186977,7.574809184706851,11.9163468166439,0
232.98632791255181,29.357583882889486,10.867795326823842,27.87809967623838,76.77107624524484,25.539166098783078,1.4794842066511045,12.986327912551815,7.497682110440717,0
201.99555389416335,61.17212574968624,6.688663582284619,30.269752439208425,80.12904737224818,11.106159504010382,30.902373310477813,18.00444610583665,6.79387385775396,0
214.98248146238578,46.04355937523213,23.01292495656984,32.148748648354385,89.41159649649167,63.42873215021294,13.894810726877743,5.017518537614222,29.204845948540243,0
212.87582033258565,36.01215951676872,3.4275433073488166,21.081422501180686,40.58277970279994,89.8060952751314,14.930737015588033,7.124179667414353,32.341114286261615,0
210.20006151139432,31.696863742610102,13.9159098251454,39.57528759009082,69.71703393490813,70.35969844018896,-7.878423847480715,9.799938488605676,22.30181774429806,0
246.48181360421646,43.10879609222967,6.781206420447333,25.22484172214423,28.077990079657976,98.38360788318839,17.883954370085437,26.481813604216455,42.411988910542476,0
226.07472566441433,54.2165011192446,6.696198968347119,16.604244316374036,48.47665039497946,15.67302872497854,37.61225680287056,6.074725664414331,8.497367794097517,0
201.08674068497433,43.724508796224654,9.719246097028524,29.12781264029229,79.35801853188133,91.27009766363466,14.596696155932364,18.91325931502567,39.90740188125877,0
233.76792920582164,60.11154930247348,23.971030459575708,30.275002472211682,45.73606322413758,83.26614586480126,29.836546830261796,13.767929205821645,50.05257032378949,0
251.8323429551895,30.48824309948441,1.3191913641557296,31.284715465374077,61.376676637492984,38.28173684495545,-0.7964723658896666,31.83234295518949,11.67142899199491,0
235.4869789082672,44.87911052153945,13.885003636884754,40.89705922948063,55.264141060724384,97.61738966535266,3.98205129205882,15.48697890826719,43.80981619615545,0
197.2094505106898,32.47606555586881,1.9817317928466522,28.108409306113124,65.21660717784314,35.91439733542735,4.367656249755683,22.790549489310195,11.663583222648588,0
212.73648890700622,48.63631882624968,3.7084999197724553,29.043043005049828,88.10260725713864,90.03742514453967,19.59327582119985,7.263511092993781,43.79088915624421,0
239.00366723779933,53.868873900973,10.549510602549567,21.17452495013525,23.90148685509815,89.26737193667705,32.69434895083775,19.003667237799334,48.08732802328112,0
209.3849580157183,40.792382063189464,12.25104315231459,36.564428023103176,60.17730622511408,78.18918549426752,4.2279540400862885,10.615041984281703,31.89523127891752,0
226.65729142219342,18.95786143372866,6.211017800748576,31.47447251262483,80.41201454751993,60.71234264315667,-12.516611078896169,6.657291422193424,11.509761791460196,0
231.61951080144004,46.98948146796494,7.594971140985988,26.6397781816467,53.696789822389924,20.800247465519924,20.349703286318242,11.619510801440043,9.773928428101332,0
206.09604292632875,49.367385517335094,2.0872084861423934,14.76260245227629,25.4969030159101,57.877456104684846,34.604783065058804,13.90395707367125,28.57258688282616,0
219.107119659073,49.042947549616976,7.277274812262013,41.5552975604407,59.23775466917396,42.11166300894411,7.487649989176276,0.8928803409270074,20.652800801747915,0
171.38098989896392,57.35782191822154,23.19740254513306,20.17856028435154,43.24517235766743,81.29953298398166,37.17926163387,48.61901010103608,46.631641349297986,1
204.63418537998564,34.28946320350951,22.67297716013956,25.269775925042353,30.845924973655514,78.23162858471603,9.01968727846716,15.365814620014362,26.825205497062434,0
216.2114777291026,51.802161054504495,8.037078963287641,32.86675608860803,79.4324159298431,91.95512566353447,18.935404965896467,3.7885222708974027,47.63474229409612,0
201.28325227052727,56.92507512477975,13.700494470690277,20.427536571066508,56.51196590937851,11.334714618853708,36.49753855371324,18.71674772947273,6.452294811961866,0
244.48616955897452,27.214124159934833,21.830289386662663,18.051921773974854,85.32934886653467,82.81928951407414,9.16220238595998,24.486169558974524,22.53854427673603,0
198.54787933059052,48.19651825918977,0.1484117433815202,13.008419338394681,76.42115532221484,94.4615847812202,35.18809892079509,21.45212066940948,45.52719495700082,0
213.39933269954525,39.958201689923285,19.456405688102205,35.767975623245086,68.50802556415672,81.03704041973351,4.1902260666782,6.600667300454745,32.38094405446177,0
221.96110865929137,44.18477326898354,22.760869266934055,25.638510042189424,20.351785235571835,21.717501388333005,18.546263226794117,1.9611086592913693,9.59582874812329,0
241.61909933599173,48.476764835383364,2.1918176240053695,53.41816073978664,49.947641964677494,17.315119435679897,-4.941395904403279,21.619099335991734,8.393809729800303,0
198.4620677323084,40.12771435886448,3.874744464790105,22.045159474953014,33.82403971564226,11.876071582693072,18.082554883911467,21.537932267691588,4.765596081757352,0
237.4474562823244,38.24291920838388,23.05791126651253,22.62839181256863,83.75585377342074,66.5870703245264,15.614527395815252,17.447456282324396,25.464839507438388,0
220.1534959152938,45.34152417488025,12.900963447368312,25.476856237716788,32.22087892734522,66.67053866738985,19.86466793716346,0.1534959152938029,30.229438407397453,0
205.27737023428074,34.12754061137197,0.34071922732136883,31.945077241107914,40.02420361614999,98.8222342796391,2.182463370264056,14.722629765719262,33.72559813684899,0
226.93155211394907,34.141748711148146,6.1831679703247,26.238373289717508,56.178573741414944,45.823885669368615,7.903375421430638,6.931552113949067,15.64507589491966,0
222.98589543360205,51.79373282956503,10.79864818245263,34.898657712020096,38.43545332986555,39.871565640774705,16.895075117544934,2.985895433602053,20.6509721829475,0
210.99674684261808,33.51205964841344,16.629813864594425,22.171292880090764,34.69052740953848,66.19824344659531,11.340766768322677,9.00325315738192,22.184394830024964,0
221.0470312748503,51.66312500909212,17.59584907528319,18.94726625229135,61.93695275719267,84.30478052568346,32.71585875680077,1.0470312748502977,43.55448415162459,0
214.2202960470736,49.62591292853951,23.890116310210946,15.61428208472714,26.225066592851668,94.30965545707016,34.01163084381237,5.779703952926411,46.80202750033125,0
221.70276017876873,27.741932712094034,6.9002687852102165,12.211406656502426,24.07174311046473,82.28117495611347,15.530526055591608,1.7027601787687274,22.826388191045368,0
229.9319601178157,38.22435347664345,12.917282444843405,25.855447844199546,46.057170663025,48.40065825542243,12.368905632443905,9.931960117815692,18.500838696574878,0
243.7902522421803,56.94109403047372,12.79976514863052,27.592157500854224,70.44651181555037,67.14228117808577,29.348936529619497,23.790252242180287,38.23154945981887,0
201.43276751759726,35.18834468860318,9.7354862267337,24.948503780134534,58.83647307917636,87.06693940445052,10.239840908468647,18.567232482402744,30.637414747455313,0
251.995500619844,40.355957376906126,4.059885452218085,39.947246377497294,49.60135279267452,54.15487194805655,0.40871099940883227,31.995500619843995,21.854717040875794,0
190.71868300716247,49.62060893251896,23.45895751641222,39.82424167686508,59.60260949572077,29.501797933485342,9.796367255653884,29.28131699283753,14.638971780636723,0
217.72322357446626,52.83390509282596,20.479612479998067,27.321576100443984,45.581603925729155,25.275109577308566,25.512328992381974,2.2767764255337397,13.353827406182972,0
228.82475809726864,42.48461113955504,11.959992679061692,15.648631094464296,85.5302434802479,10.014197012025106,26.835980045090746,8.824758097268642,4.254492659307806,0
224.2148780160255,39.02489805308358,14.477890144416715,25.46635913555958,23.843342363754203,74.64141954831558,13.558538917524004,4.214878016025494,29.128737884104556,0
210.6595072026911,59.223698616985075,5.454265285431895,25.201428848663507,67.13740353208846,19.998748796139147,34.022269768321564,9.340492797308912,11.84399871419338,0
216.87816624464088,62.388996637975794,13.050889689401926,24.742920301775534,82.38978653794254,31.945518972634638,37.64607633620026,3.1218337553591198,19.930488757820942,0
212.6049859801175,54.788580507817954,16.67928319491542,24.418248768814042,76.27192961146774,36.808869837051404,30.370331739003912,7.395014019882495,20.167057284690827,0
211.15952864583682,45.85318142565024,12.364008681278131,24.77229683420154,32.88287243750127,60.43418741230915,21.0808845914487,8.840471354163185,27.710997597283594,0
232.74403145531537,36.91734278359074,23.76684409403859,26.907667072817922,40.71484442862018,45.81615495661923,10.009675710772818,12.744031455315366,16.914106975596223,0
225.3552322894757,36.695555934434346,14.672199749945428,24.915671209475548,70.19335570949733,70.72065928208457,11.779884724958798,5.355232289475708,25.951339084058077,0
209.60635607109018,50.22514105265758,8.903369102212057,31.666580069004738,25.89893914265359,15.007479339583245,18.55856098365284,10.393643928909825,7.537527666754129,0
233.49399813149876,49.18398220888684,18.531648662780114,32.88294972723889,76.83031898828088,21.154527483799548,16.30103248164795,13.493998131498756,10.404639034006046,0
224.60949281314913,59.01598592946429,4.091100277959409,22.71483930254008,70.32348612233532,54.92903531799401,36.30114662692421,4.6094928131491315,32.416911754457814,0
232.1929317825844,51.50450092536139,9.228379528950397,40.168522608056264,71.07246544647398,40.32683090621468,11.335978317305127,12.192931782584395,20.770132997260266,0
229.44443262885417,29.96919698240182,8.32701480906206,22.159501585275088,27.016895918731397,36.62320264762238,7.809695397126731,9.444432628854173,10.975679742730149,0
207.56507483616892,55.51947617722919,10.363370282586654,17.057595089477303,70.24323813713616,16.032527113377046,38.461881087751884,12.434925163831082,8.90117507131918,0
211.59728439704546,35.01939372685587,18.76271582228943,33.046224570920415,67.58726876539791,90.61472572732013,1.9731691559354516,8.402715602954544,31.732727576960798,0
231.20940407684893,41.16028728047648,11.620152771921779,23.460734924685283,78.16457435752955,72.26367275125457,17.699552355791198,11.209404076848926,29.743935303839784,0
229.15555398150198,47.502002062516944,19.056346806383104,32.570331766059105,22.911716937952864,20.945634113768442,14.931670296457838,9.155553981501981,9.949595548729537,0
219.68647609053778,64.95667489783965,13.835733675356781,10.770651191195757,21.617746792745454,15.854136196342655,54.186023706643894,0.3135239094622193,10.298319706919019,0
221.75991074963173,76.09918556005361,8.20966643178133,41.13964753186454,46.11049699149925,97.73852800881187,34.95953802818907,1.7599107496317288,74.37822379309073,1
239.16497343682636,51.06723059136183,19.43948984840334,35.37834726432322,30.4151798694407,71.30552953955544,15.68888332703861,19.164973436826358,36.4137591943564,0
211.12642916746256,43.168033812796125,5.718952093274198,17.996187606695987,59.08691342991553,47.571046398436735,25.17184620610014,8.873570832537439,20.535485394378103,0
228.20646071755056,50.345056484805504,5.385191515195092,18.169783009229715,84.21442310547242,73.15579366802064,32.17527347557579,8.206460717550556,36.83032564407276,0
216.9671102134916,53.87655425873836,12.108070177316058,43.37812723278022,47.4035811233811,78.06986078321432,10.498427025958136,3.032889786508406,42.061350904589965,0
216.73478195159169,41.793323744428086,6.260381903090134,24.100960772016332,79.1465264090823,80.19659821499015,17.692362972411754,3.2652180484083146,33.51682392400907,0
236.48165277980786,62.95211355912322,0.21808883882919172,23.32652121013901,20.016861216250653,53.00895750877519,39.62559234898421,16.48165277980786,33.37025912743153,0
232.38124523482045,47.30070759191402,15.559140655171237,11.871583246805738,31.796025042142894,48.68944823123632,35.42912434510828,12.381245234820454,23.030453535973443,0
232.20264454000957,49.97743089091394,12.266251715337553,27.193774355187568,22.129647775785994,10.992527584201031,22.783656535726376,12.202644540009572,5.493782876558722,0
239.58218210731494,51.659242520544616,10.69242754783587,28.178243081313976,42.970302636054804,93.39014036276542,23.48099943923064,19.582182107314935,48.24463910027802,0
220.31505762449137,49.21586610614456,23.207244350839566,35.72394477415588,83.5732716987552,64.29770905500487,13.491921331988678,0.31505762449137364,31.644674397829586,0
230.22929456942447,53.38940500469612,13.708780415109928,18.807372574524194,26.78664865192914,28.28385434709713,34.58203243017193,10.229294569424468,15.100581548310037,0
215.34599865109817,38.82746813453077,20.722357866945227,17.837705662075123,62.448684372066026,92.7643077479293,20.989762472455645,4.654001348901829,36.0180320310453,0
224.86249528732662,39.41698246053969,3.346805668923844,33.60770107821182,51.604715738361094,92.34387115932667,5.809281382327875,4.862495287326624,36.39916749825517,0
218.04785418448472,33.99845767028305,13.660955115106265,38.053840569816515,85.69277486560688,99.02657479294864,-4.055382899533463,1.95214581551528,33.667508113311825,0
221.45493947489078,49.39501230620226,20.83151104154167,17.430781191056937,28.576339977596568,88.6650906825081,31.964231115145324,1.4549394748907787,43.79613245393027,0
228.9273553815537,52.78936503512114,13.994538174717551,38.65211269039793,34.841949535156026,99.80059490380583,14.137252344723215,8.927355381553696,52.684100350992566,0
207.7266897514979,49.57772866151886,17.23234027504804,30.300334731894573,22.06793780280453,32.02175693109453,19.27739392962429,12.2733102485021,15.875659763949153,0
251.3858091352819,61.744924333475375,8.929045627492977,38.734442712597165,50.375467474196164,85.80246266793107,23.01048162087821,31.385809135281903,52.978665650572495,0
204.90973927750446,44.94403981170954,2.2187884088895986,29.438237107859067,39.4483029695258,84.0725477916188,15.50580270385047,15.090260722495543,37.78559935018368,0
201.78717080818402,51.687416555925125,10.989607083049714,9.821776660096397,80.89341537232247,30.78463232986604,41.86563989582873,18.212829191815985,15.911781147547858,0
237.37166310250103,34.08299123860686,9.46750538013258,28.78426094147169,62.34585692384285,18.85937941008917,5.298730297135169,17.37166310250103,6.427840631996317,0
231.87494040944404,41.12900297525599,20.809444377094735,38.481150549370156,62.98635165829912,98.14784623098397,2.647852425885837,11.874940409444037,40.367230596491076,0
229.36179725578234,51.95537757565778,5.855887256459334,22.850031847330285,57.23374878169117,36.64220963685493,29.105345728327492,9.361797255782335,19.037598368892038,0
229.4251826389642,53.491021107431436,23.201621460842595,26.896280248740382,26.42952360604407,88.38026114210254,26.594740858691054,9.425182638964202,47.27550414232509,0
219.81629840729627,42.060330523358175,22.99531487530791,28.590931971592173,51.151307860774864,10.37144392071435,13.469398551766002,0.1837015927037271,4.362263593097194,0
206.54118442771252,44.28400748141933,5.943159433714529,6.803888961052145,89.96536327959616,11.892232649764198,37.480118520367185,13.458815572287477,5.266357196329369,0
221.1370683729059,29.821262533191906,8.353246931455692,43.37078060349981,78.46605035922104,51.92841778267316,-13.549518070307904,1.137068372905901,15.485709796303674,0
209.84257432731832,41.42970799193391,21.493337780973242,22.788994560822605,82.54213379169812,31.48432155415572,18.640713431111305,10.157425672681683,13.043862483128223,0
234.62679600126626,53.90383163519786,23.198933301506578,34.04588345978239,77.62584514725496,72.08571550923679,19.857948175415473,14.626796001266257,38.85696272112671,0
217.79413927746793,50.75205016106566,10.642538468065057,29.30639091081433,27.212918540168786,60.90078930111589,21.44565925025133,2.2058607225320657,30.90839913458725,0
207.61754204811234,50.0066572138121,7.703929095381548,40.06095245087488,35.92137778453598,16.97372177054423,9.945704762937218,12.382457951887659,8.48799086222225,0
215.1792123752051,45.4977368718096,12.626256318037008,33.248448979424644,20.218515594948673,24.636546668414535,12.249287892384956,4.820787624794889,11.209071177495819,0
226.19397181413436,45.07063158628176,16.506460952777637,28.120605827832204,41.2457087414678,44.924434305257286,16.95002575844956,6.193971814134358,20.24772627794369,0
211.54413170794038,38.39678860526553,6.563388368999515,22.85187925984576,27.60251816425448,26.704365755988984,15.544909345419768,8.45586829205962,10.253618867704008,0
207.66669406650354,51.98828420202535,17.675356190857748,36.38280561105711,53.09553417111081,81.30001125195358,15.60547859096824,12.333305933496462,42.266480905944206,0
223.65530817237868,49.2097294438939,1.2397765707513848,15.012469568363066,67.39892420017313,47.44632119979521,34.19725987553083,3.6553081723786818,23.348206293500095,0
223.67449856663083,49.920188479927994,1.1830678263459946,35.16712336220714,81.2153706526654,18.408868015824936,14.753065117720851,3.674498566630831,9.18974161052099,0
212.39585236943304,39.739651573324196,9.270904923493084,21.20764198756102,72.44520155636287,53.59086120449123,18.532009585763177,7.604147630566956,21.296821517808585,0
212.93442541572517,23.466570801287556,8.483356609457294,40.01826929565312,85.70099170449537,18.175436295527277,-16.551698494365564,7.065574584274827,4.265151626732825,0
223.48074906036453,55.97152711753696,7.575197168811655,31.290396341301562,23.772880327565215,21.604357487783545,24.681130776235396,3.4807490603645306,12.092288809844392,0
198.27873487754013,40.211625439915956,11.784474304053841,35.15299014280087,20.8525884791579,31.564884882538475,5.058635297115089,21.72126512245987,12.692753279507029,0
198.88804338435168,36.372242359568794,7.6976059754777095,30.655910510597757,66.29366796853489,87.35749347227409,5.716331848971038,21.111956615648324,31.773879244980023,0
209.22333668121345,51.934789119139936,4.614190043234206,15.980983238872026,40.25466871555724,93.21512790996748,35.95380588026791,10.776663318786547,48.41108010717816,0
216.7982927243223,41.0798736008087,7.427269178126422,23.114166692837294,37.74507112740412,84.36319563988621,17.96570690797141,3.2017072756777054,34.65629413446822,0
224.66361348397007,55.59936384046622,23.39770254744564,35.37911470089106,43.1620961385656,40.06694956760625,20.22024913957516,4.663613483970067,22.276969069869505,0
242.1303432542433,51.17005949576698,9.866722007876366,31.33324653887875,38.88572405246549,34.52017969979485,19.836812956888227,22.130343254243286,17.6639964904307,0
232.8648943480303,51.83569323200477,10.673106644600058,39.44791924244538,55.80054844111111,59.424012171121525,12.387773989559392,12.864894348030305,30.802848655171733,0
217.6009220505486,31.340442887994655,13.837079758827361,33.22619650429738,50.81039130568928,74.9667844479801,-1.885753616302722,2.399077949451396,23.49492226488526,0
219.71475688145966,57.11943985386401,23.600178441941438,22.266384874378723,55.869998596365946,99.40355093441573,34.853054979485286,0.2852431185403361,56.77875148858867,0
204.96205953043287,47.61250531233856,5.798430634458312,23.63148689823493,67.08995280503053,21.84136406910336,23.981018414103634,15.037940469567133,10.399220627689044,0
219.72230296011415,41.307228607537965,16.35077065277841,30.823339124185896,47.09913562798038,14.4362799121424,10.483889483352069,0.2776970398858509,5.963227145732742,0
215.67012041619793,46.43388467342251,17.183632645001378,11.487647471999157,37.591538099950974,72.49203000957439,34.94623720142336,4.329879583802068,33.66086561206861,0
224.84077840507135,27.237647671016802,14.575786003033581,43.38753508498388,31.634037576612183,84.9003205153515,-16.14988741396708,4.840778405071347,23.12485017353544,0
207.59153584671515,49.08652811480671,2.125880151279458,33.53397389102046,44.46318836728379,86.17139018797809,15.552554223786252,12.408464153284854,42.29854367154166,0
227.79019771361757,34.706284918179286,16.244934619861837,39.81627677639098,71.92645326723203,71.06171941694447,-5.109991858211693,7.790197713617573,24.66288280860188,0
242.99108369503867,31.473297141564657,1.5382730648682115,17.355168473526646,72.96934370780286,95.86142237072684,14.118128668038011,22.991083695038668,30.170750306869195,0
218.36859777314714,29.77640813782109,14.307423589197526,39.95652128284205,66.68337706789472,55.99042871901282,-10.180113145020957,1.631402226852856,16.671938573489047,0
226.02567583148414,56.12688374989925,17.749948253321826,47.85199128822199,36.38197227148122,92.24333185025912,8.274892461677261,6.025675831484136,51.77330763462873,0
230.3521598756667,38.707366063072115,5.06327737487881,19.43297315698146,61.166037209828836,97.10309232923707,19.274392906090654,10.3521598756667,37.586049406440694,0
213.98169292171247,60.33727709916499,20.198928181026577,36.171214359230135,59.948276310379356,86.2441711302797,24.16606273993486,6.018307078287535,52.03738451675492,0
223.36138722715626,39.64198536947702,0.7284913327921023,30.008879557498346,53.898633867680786,37.87827069327585,9.633105811978673,3.361387227156257,15.015698526439314,0
220.18888601172694,27.926420424070532,20.251508727799347,17.644529214014046,58.498529046870495,27.659408605326576,10.281891210056486,0.18888601172693598,7.724282733935044,0
221.46514147823248,33.83475560051341,11.047897215426362,33.94307177481496,54.42534428365676,59.33080584836366,-0.1083161743015495,1.465141478232482,20.07443315460896,0
208.404853242168,57.35811620006939,5.222110558359468,36.668825638698785,59.58194562518757,50.77132753421696,20.689290561370605,11.595146757831998,29.121477043393988,0
220.36765261388413,43.441018220633325,3.210675479855232,25.190987578649224,70.08541682347902,88.99825079734596,18.2500306419841,0.3676526138841325,38.661746344920005,0
227.46997436868173,39.51712703509399,22.87937202197694,39.327332162041785,27.673973608240782,19.002850396043833,0.18979487305220744,7.469974368681733,7.509380531293504,0
241.7671541169256,46.60018225852788,1.743974101947761,16.66589274568642,72.47380265043165,33.19660551803668,29.93428951284146,21.76715411692561,15.469678675049614,0
234.38906239127812,50.01782736167545,4.778242078462216,18.041950828402847,29.512030508931595,77.66190500668377,31.975876533272604,14.389062391278117,38.84479757203147,0
252.29773686267333,56.17398815902461,8.347736338393103,31.09277916471002,24.66395988872623,18.548798047958094,25.08120899431459,32.29773686267333,10.41959961910137,0
208.48978655667926,59.484992298929264,14.885636375066891,30.203082223778175,88.32557803550273,38.86879726195302,29.28191007515109,11.510213443320737,23.12110105795918,0
233.08480955081018,41.40231354210914,13.075226046626362,24.26741209260716,86.98942382093091,44.843985464858484,17.13490144950198,13.084809550810178,18.56644746693856,0
222.75013008607527,31.739523139179617,3.0154438178955356,36.47675548777509,24.230558145839485,66.03344169064209,-4.7372323485954695,2.7501300860752735,20.958699504998027,0
252.8470439982651,40.86534838876724,6.953471609717151,34.247154513727594,51.02774090324735,24.23193811474281,6.618193875039644,32.84704399826509,9.902465931940126,0
207.87552571967274,47.60280506582886,5.730042506064578,36.865112567472124,33.03714568098423,87.45440413147386,10.737692498356736,12.124474280327263,41.630749520187685,0
207.40417236728837,35.36241073789389,5.125028507768193,29.01490851718186,53.974142799409265,50.27880119196468,6.34750222071203,12.595827632711632,17.77979619159164,0
211.00911031833968,35.428490851049574,9.867464075519688,34.820642143826724,78.11240700997112,92.53195406925008,0.6078487072228498,8.99088968166032,32.78267488172166,0
188.1415641353529,48.437878815498856,16.896754862199764,26.434797575760044,86.54282423200232,52.108292227053845,22.003081239738812,31.858435864647106,25.24015144176635,0
212.1136746747886,44.51347648429549,5.2188703732136625,46.430549520692765,64.39768574160762,34.75362330466601,-1.9170730363972766,7.886325325211402,15.47004593716314,0
208.61301007669454,45.327969954115865,8.800293112871554,23.499633839024114,44.77339670482719,22.76459458189074,21.82833611509175,11.386989923305464,10.318728592255722,0
222.25590679714313,37.41504665299931,9.382018244187893,46.8423794356665,62.232789595121886,10.337058524015633,-9.427332782667193,2.255906797143126,3.867615269308291,0
225.1263396366574,42.69599285794233,23.434956706449846,30.27910357671527,41.840091427591524,57.8941736486352,12.41688928122706,5.126339636657406,24.718492246186017,0
248.1425625882383,35.757668557316954,22.911992565097652,18.99591288345006,83.68765485824423,19.64410272342311,16.761755673866894,28.14256258823829,7.024273142900508,0
234.25635757279076,53.90198411124787,19.203301986049823,40.94463480390881,80.92803241740859,45.25549872680604,12.957349307339058,14.256357572790762,24.393611733188973,0
211.34644516506395,55.35249334723753,5.799814099660444,31.007211107159673,59.07622251957627,63.0344585113378,24.345282240077854,8.653554834936045,34.891144453955455,0
206.52377992977463,26.538121377619063,1.6328955382000725,36.8089927870419,42.73592407662524,34.81173072124302,-10.270871409422838,13.476220070225366,9.238379352453379,0
227.3787875725976,35.7048913980759,7.605699305294994,39.79084734834075,40.53727729080848,25.770186312950372,-4.085955950264847,7.378787572597588,9.20121703612075,0
200.19650189469036,30.03470744909921,6.4030691864119404,32.7036444331602,22.339259629354164,79.72494603484074,-2.6689369840609913,19.803498105309643,23.945154305516635,0
247.4718814878153,38.49976065593102,12.142219203513452,25.262073241497482,77.10745957177068,95.21120550534584,13.237687414433537,27.471881487815295,36.656086237184766,0
237.6916018108193,44.16562030209639,18.665469841627033,37.805707021354,51.52682491273056,19.039637607576942,6.35991328074239,17.691601810819293,8.408974052657582,0
212.96236521842943,30.503547803014698,20.599750533092593,30.006044059636764,42.75930498801851,24.003129194650707,0.49750374337793346,7.037634781570574,7.321805988109656,0
194.30298206363685,35.78140186874687,20.276738049852206,35.48686254886735,52.97772484984277,96.40113915274468,0.29453931987951876,25.697017936363153,34.493679006293455,0
240.3080856124812,34.960426279185015,8.632213469353626,12.770155409668309,77.31165933182564,13.400579963102164,22.190270869516706,20.308085612481193,4.68489987898357,0
218.28190232121074,47.07267329398944,16.493624243056388,33.57585373607881,28.722994539526482,97.9869102895425,13.496819557910626,1.7180976787892632,46.12505815147086,0
238.5672446796019,45.6934433703625,7.508020740581281,24.89131339883976,80.0359191769279,10.41800347764899,20.802129971522742,18.567244679601913,4.7603445193819365,0
196.0835851180845,37.78262446662747,1.4617330376443851,43.226477097428244,82.82561845758478,88.63017900861982,-5.443852630800777,23.9164148819155,33.48680769892651,0
211.00937465569342,46.76820872139398,16.837566374470615,34.98469878311276,86.26955405237217,37.659266288897456,11.78350993828122,8.99062534430658,17.612564260937123,0
220.07865549577275,39.533199154127345,0.23586126167490828,31.918861966794374,47.82415946958395,94.47299723595668,7.614337187332971,0.07865549577275033,37.34819814416397,0
220.70470890647113,42.283448896739465,9.820382099003726,33.890479946801776,35.19982828263703,38.52507597720269,8.39296894993769,0.7047089064711258,16.28973081325055,0
213.24901792781134,61.734520902985366,7.9051024632498175,22.012473176986255,46.15485729266889,68.88756893806504,39.72204772599911,6.750982072188663,42.527410645628215,0
229.3427489852125,58.40461051790348,16.641060924452457,42.98605352422443,43.303846736198224,17.202931278934297,15.418556993679047,9.342748985212495,10.047305011124168,0
203.98569355926108,32.004187630724026,18.389891346249094,45.930963347335236,32.33077387520021,31.80968303083651,-13.92677571661121,16.01430644073892,10.180430641927497,0
217.8643077246806,53.29732417879175,7.298271263310812,33.14330808438573,62.50866690710416,79.63114118313257,20.154016094406018,2.1356922753194,42.44126746364551,0
221.80443447567848,53.11396554491592,19.479048346676485,42.723228548589105,53.36369123560402,57.581726831093775,10.390736996326815,1.8044344756784767,30.583938549234755,0
227.71658251088124,33.51736711247382,7.05400225211841,25.44681441061973,80.59906946268026,93.51721556083403,8.07055270185409,7.7165825108812385,31.344508452888235,0
230.67422317133335,53.18777643754861,10.71183263967747,23.623091470200155,22.24767063374408,48.58762675072189,29.56468496734845,10.674223171333352,25.84267829248452,0
203.13036862243197,60.37931918412553,17.448444648339215,30.327397989831383,65.07075492885885,88.28311292325307,30.051921194294145,16.869631377568027,53.304742537612945,0
196.98828743896567,33.77455193755586,16.630085501394927,33.47952830694319,73.40642149580927,50.40598937304138,0.29502363061267545,23.01171256103433,17.02439706043675,0
239.16515232847763,35.824971789857365,23.6968433354928,26.848106550055036,73.16405984318149,98.13234508317868,8.97686523980233,19.16515232847763,35.15588494277424,0
224.98471017969388,55.17661466843502,5.403864581182365,34.30214552294787,82.02517769668675,96.3850943258989,20.874469145487154,4.984710179693877,53.18203209400886,0
208.7727019516517,47.71495310825648,15.895629924949976,32.451115856587315,71.03236199806459,39.62230350004723,15.263837251669166,11.227298048348302,18.905763535458604,0
243.26727963283784,50.514762752395235,14.632365798618657,22.01354579767156,84.94670431533874,89.73313033751229,28.501216954723674,23.26727963283784,45.32847790029193,0
221.7351195143929,48.40589216400497,21.962362907760717,34.15034413961377,43.2859619874624,86.28502367940843,14.255548024391196,1.735119514392892,41.7670355159406,0
237.6894577609574,48.90695920928144,3.7526913994770013,36.90822594017217,55.224659172608014,28.961235759480655,11.998733269109266,17.689457760957396,14.164059759393034,0
221.01277722115162,31.73527871688917,18.043155926086392,31.371754540723128,20.985576429802347,66.18613607049427,0.3635241761660417,1.012777221151623,21.004354753910874,0
250.9112188732298,55.47317706621448,13.638446790450441,39.22118482609354,20.487031111230387,16.541408403083338,16.25199224012094,30.911218873229814,9.176044772688101,0
246.33011263664807,56.69589992427774,6.59198087490973,20.260769652024386,36.8088634316064,85.30396485251154,36.43513027225335,26.330112636648067,48.363850544221,0
216.2655377728139,42.70609255931972,11.386437939532179,33.74360337705481,27.056503799735967,25.709129515314686,8.96248918226491,3.7344622271861,10.979364647005674,0
234.57356426431534,44.56523050186138,8.010638329675146,20.6377543488258,38.21479575550275,16.373323124718805,23.927476153035578,14.573564264315337,7.296809191345508,0
229.68063924377722,29.688924974442777,13.903521666923062,21.0873491341353,32.393030616987815,46.01971859849301,8.601575840307476,9.680639243777222,13.662759728156278,0
240.52947336298524,50.14254756017835,21.33601465955198,24.95255333009768,21.996401738705377,61.92299247396791,25.18999423008067,20.529473362985243,31.04976595194502,0
205.52614809129844,50.72057441714144,13.663319625892848,22.46351853140604,83.65129024842346,86.94252627037939,28.2570558857354,14.473851908701562,44.09774873711052,0
230.2907718999766,44.37808983000689,15.161338039838018,25.616033450070898,20.575619197222405,97.68182729695629,18.762056379935995,10.29077189997659,43.34932906543545,0
235.8763673027438,56.24353359870503,12.449948330753028,28.28679751431049,71.52575010359598,49.55432613128773,27.95673608439454,15.876367302743802,27.87110406726268,0
193.6189077036533,41.659227690200595,1.2279721546914217,36.69723589065107,30.650352084366155,15.44022306867432,4.961991799549523,26.381092296346708,6.432277684053912,0
202.2511223100134,50.646059258936006,5.588605365026262,27.43072769035438,83.856073539972,77.42040211232836,23.215331568581625,17.748877689986614,39.21038273231637,0
189.41151733359848,34.80335661307885,11.808041506369985,17.31499434584326,82.495715771292,60.86559306015437,17.488362267235587,30.588482666401518,21.183269407390895,0
215.95889748333164,44.76447849125762,7.4456468098729145,39.12054277196128,65.773080245848,50.310221036001685,5.643935719296337,4.04110251666836,22.52110807456514,0
230.76313383693943,43.25645742097164,4.362326346268661,23.30327893107968,67.05639048604236,37.834199091297066,19.95317848989196,10.763133836939431,16.365734220492556,0
242.53535578144042,47.25307922040942,12.09918820604252,29.53023658316297,20.3737399378782,55.21586750591821,17.722842637246448,22.535355781440416,26.091197614807832,0
221.11142170629662,41.304730711666416,7.747435042748408,33.57229205552569,88.94100962795214,40.48116440113279,7.732438656140722,1.1114217062966247,16.720635944834868,0
244.42923318356938,43.68527404328332,6.194583436161953,31.596883347222263,81.44828225030702,78.13106809726243,12.088390696061058,24.42923318356938,34.1317712112334,0
199.29847812677662,53.26047171441506,11.13565001856914,38.753436380171806,82.65743580110644,58.9504326843377,14.507035334243255,20.701521873223385,31.397278525366975,0
194.44926340967268,40.63235762761782,3.1988221939721555,33.83202514714207,66.14711759356103,88.91629967387007,6.800332480475753,25.55073659032732,36.12878887273126,0
219.1667845165507,28.934228992613207,22.265897593809775,23.109523362423136,44.13508500581756,58.91895231844978,5.824705630190071,0.833215483449294,17.047744583868848,0
225.7609817340896,62.49583904205421,20.824850350061737,47.42849739193329,82.55540543633366,31.443617200593703,15.067341650120916,5.760981734089597,19.65095239468271,0
219.5095787785886,58.814540786904864,16.982894057772846,31.554667706705867,40.40618497058347,86.598269400893,27.259873080198997,0.49042122141139544,50.93237447754197,0
188.98836849940184,32.07737304894381,2.549131862122949,28.82127818702795,59.3898080339542,60.14971404370395,3.2560948619158623,31.011631500598156,19.294448161671863,0
218.66319940730818,51.897078052451945,18.621054107272634,37.711403384444566,26.981168064071767,28.615693432920512,14.18567466800738,1.3368005926918158,14.850708756133123,0
200.4329574924272,39.97025229448657,19.390975874616455,31.99560756744058,84.53689410929252,66.11570289605999,7.974644727045991,19.567042507572808,26.42661325382834,0
230.04508823245058,47.634872153310596,18.426350825144105,33.19382554351462,29.853932043984933,42.19450884481848,14.441046609795976,10.045088232450581,20.099300343946613,0
225.49897369145273,47.94224129013494,2.735181290861788,49.9374719888055,35.74277640112851,85.99650510628592,-1.9952306986705608,5.498973691452733,41.22865197913881,0
205.90180320508966,42.65592199683678,15.453790969626354,27.799028573959628,59.06939106897505,50.79697647818885,14.856893422877153,14.098196794910336,21.667918663287765,0
212.29199623994958,37.16234334413603,20.023795097985566,27.457912847860833,73.4865100149087,75.37972222966751,9.7044304962752,7.708003760050417,28.01287118684507,0
204.11179717166573,38.094589476837406,13.856481629272025,30.93262809609971,63.35459141554092,18.598258687261342,7.161961380737697,15.888202828334272,7.084930296752458,0
219.0598135409024,35.83808084518758,15.513777005474136,38.572127484648306,36.24937389601093,45.64219116721116,-2.734046639460729,0.940186459097589,16.3572853700202,0
234.32713480751858,36.681777917695555,11.000723506231349,17.94772775847681,20.066012976924323,98.49172928251588,18.734050159218747,14.327134807518576,36.12851740271039,0
205.21410930496685,44.328217099506446,12.688975677217263,14.275552868187958,73.00054062152074,82.76142605294335,30.052664231318488,14.785890695033146,36.68666461539622,0
227.56069773276766,37.842400108892484,0.8250446004414052,25.30307783503882,88.96451281377657,24.39467221302358,12.539322273853664,7.5606977327676645,9.231529464105199,0
212.04613572441338,51.820520657126195,15.335112527358831,16.928616327525702,76.69391842142633,34.998764452952955,34.89190432960049,7.953864275586625,18.136541963081427,0
208.10690751606484,59.87246155335927,1.9547331093878206,26.60134921979489,52.21446327096307,39.683422797072495,33.27111233356438,11.893092483935163,23.75944205723424,0
218.39454460068163,39.19946758629957,10.44035026416536,34.019997569034324,83.26370829793746,68.53290044459011,5.1794700172652455,1.605455399318373,26.864532095728055,0
204.47136516370938,47.39404500535377,7.023722344017788,22.87400909158189,48.6893371182845,78.129528354069,24.520035913771878,15.528634836290621,37.02874383059809,0
211.69526041979228,49.996851103029336,13.090270805081115,18.58538738574926,56.74538589704273,77.45739479271188,31.411463717280075,8.304739580207723,38.726258342797756,0
202.03183161116726,49.72002270919275,3.20199205255697,30.554697293722782,53.39908371769783,55.888665067576255,19.165325415469965,17.968168388832737,27.787856963463586,0
249.47087699374583,45.759552679160876,16.599441647359637,36.90034787692136,51.33367108658675,82.97384840543361,8.859204802239518,29.470876993745833,37.968461871011485,0
220.52895327957592,52.426824183597226,19.08027688628329,16.4402124918671,74.2633538505734,49.337027448172755,35.986611691730126,0.5289532795759158,25.865836637666636,0
209.5041173801112,49.82248952680657,3.920506793835756,36.561859186447876,56.87382350886444,21.149250876600572,13.260630340358695,10.49588261988879,10.537083302992366,0
223.20969866101333,32.62337577672702,2.503514096445172,36.53844962990661,42.170198541765124,60.79976574884319,-3.9150738531795852,3.2096986610133342,19.834936051614886,0
218.31507925463757,53.69156064389273,3.4923715868966196,37.632680817253025,38.07107173609349,95.7071246140996,16.058879826639703,1.684920745362433,51.386648852705264,0
216.68545600700165,53.872908372667425,21.05106148556404,39.74784171897349,22.642312187720336,81.36942862532602,14.125066653693935,3.3145439929983525,43.836077726684906,0
229.21250050065137,37.367138958214184,12.676542282152548,47.616111397276924,60.82366133181322,62.083058292301814,-10.24897243906274,9.212500500651373,23.198662661593534,0
231.36261565070959,45.37937835447602,11.214263904180061,27.151263611047558,36.097299078072396,68.21250943141872,18.22811474342846,11.362615650709586,30.95441273996614,0
212.04248278584208,51.833289928110695,2.5610836584565027,30.876572640622864,30.36937454114682,93.75058243320154,20.95671728748783,7.957517214157917,48.59401120189377,0
211.3627263903298,42.906861804206386,15.589344162167084,26.668492534015797,65.76809746793744,48.55085149914645,16.23836927019059,8.637273609670189,20.83164675750423,0
215.87422454272533,55.729780477660114,20.831990205482157,30.015814758046485,67.68464804750842,39.825472504837364,25.71396571961363,4.1257754572746705,22.19464840113675,0
185.4711825289662,68.6387249461936,19.876460863762873,42.262986845090495,72.65084245803662,97.95174085004041,26.37573810110311,34.52881747103379,67.2328259820676,1
197.2721340670217,37.140139673650175,15.025313015539231,19.23988412855465,55.2503827437014,87.70988201593,17.900255545095526,22.72786593297829,32.57557268831018,0
240.50311401166786,31.18955396846225,1.806689199640167,23.111602622675395,82.58382236427207,39.07392261567421,8.077951345786854,20.50311401166786,12.186982181810885,0
244.67451570251924,48.03818595604876,2.697528652224311,41.01744749203649,85.54399273787595,51.74025376248305,7.020738464012268,24.674515702519244,24.85507931655312,0
216.26445940665434,52.21562505126143,1.1834156906357922,38.160292055216715,76.51596578547426,47.35703161070192,14.055332996044719,3.735540593345661,24.727770061251466,0
228.6483544458365,42.69133626155231,6.179501195819263,27.094946825463374,64.4915437405731,23.418611080429052,15.596389436088934,8.648354445836503,9.997718004131114,0
224.66875231815305,59.53260663321034,3.255875211849066,36.83521600896576,41.260466751383206,96.20373914319332,22.697390624244584,4.668752318153054,57.27259359055708,0
266.18321212682855,31.613942002767512,6.241152966058413,32.72972673993627,88.80614451341549,46.38811880977829,-1.115784737168756,46.18321212682855,14.665112976698197,0
236.79362367151865,51.92918623031611,9.24139333725508,42.0021968720079,39.189531703435684,88.77961743741172,9.926989358308212,16.793623671518645,46.10253287363573,0
218.08123612778851,38.94139179241107,22.631586817707255,30.59607675061418,34.18598453933018,27.042060491259857,8.345315041796887,1.9187638722114855,10.530554724642302,0
205.6668933909936,62.19377906207296,14.64902543476061,38.20505691098066,50.9507879650608,59.30837295734978,23.988722151092304,14.333106609006393,36.88611844240435,0
195.90330519613642,64.92515353168119,20.039370856391095,51.13609528394096,23.978839949867194,12.156524661184283,13.789058247740229,24.096694803863585,7.892642300390582,0
223.05195453800835,37.33343412216652,17.048436017095973,34.78479324037973,88.49461252702535,78.77984354580776,2.5486408817867954,3.0519545380083457,29.411220991719997,0
208.65473882073545,39.5044286409142,2.700075132639162,30.39462532635875,61.19034894914974,62.282250842165055,9.10980331455545,11.345261179264554,24.604247339898276,0
198.66619435603488,53.59587886979802,17.662089752974772,35.77957588176783,58.98664641649227,66.30306251227773,17.816302988030188,21.33380564396512,35.53570907104684,0
210.3014067363621,41.12869350210485,6.602373157418986,27.07775313436892,65.9057395929804,14.654879429918811,14.050940367735933,9.698593263637889,6.0273604438343185,0
203.77677994578409,44.54588782067762,15.338588327872952,49.103741644197854,54.79165534440447,28.993449718775388,-4.557853823520233,16.223220054215915,12.915389587070257,0
245.30712452608847,45.2538842054241,8.183087367431725,31.44056830156785,22.24444619661791,16.689778511822215,13.81331590385625,25.307124526088472,7.552773041881779,0
233.22459635424175,25.803268438023437,23.94413431835182,27.816533438195897,62.86179021882777,36.00228842234306,-2.01326500017246,13.224596354241754,9.289767125448613,0
219.88041038025074,44.86162253905763,6.325235507922668,23.31448795983971,70.13217138695015,66.4695106913936,21.547134579217918,0.11958961974926297,29.81930098993155,0
242.1991620833504,38.10272225935826,6.699131298582472,38.77776153285151,49.172434243683725,60.956738588563766,-0.6750392734932475,22.199162083350387,23.22617680276351,0
221.16052461471426,40.06877177600228,22.33613413349756,36.93749930262191,73.0106900449835,65.09348394520512,3.1312724733803705,1.1605246147142623,26.082159523052923,0
207.08073698007604,59.43632003468814,0.5914657112717441,26.021165028687253,35.890090953689445,59.43261442401049,33.41515500600089,12.91926301992396,35.3245589140371,0
242.84686115904486,32.434931057207436,16.720535708956724,34.61161076097938,35.48936137463288,34.572591610827345,-2.1766797037719456,22.846861159044863,11.21359625366173,0
228.08365065526988,53.132051867479774,17.407833377661074,17.93155225429715,31.299189138130178,32.005674760998275,35.20049961318263,8.083650655269878,17.005271714550485,0
204.44130768510314,42.21037069668191,20.073085857849584,31.47976460058525,46.03963318524133,22.335371518292312,10.730606096096665,15.55869231489686,9.427843114352296,0
217.14491982874588,42.202398315041656,23.38654345532341,33.62205081661356,79.29084247723586,86.41637874131429,8.580347498428097,2.855080171254116,36.46978436584444,0
206.86572619922865,52.90371896051711,23.41444605975966,43.65863847647378,77.95384435043451,65.483142268712,9.245080484043328,13.134273800771354,34.64301755235498,0
199.25800403553495,48.4005129456889,1.5666421815951335,23.833449578170484,46.79769455744527,26.785991125365378,24.56706336751842,20.741995964465048,12.96455710226355,0
233.8926632129746,50.70612997219531,19.72414374606966,19.773178969581405,61.23831151861656,25.948844183911557,30.93295100261391,13.892663212974611,13.15765465817664,0
248.64124960705195,54.68184660532861,15.511438407777153,22.836576312599668,70.45714215324409,88.5732041373523,31.84527029272894,28.641249607051947,48.43346361981156,0
199.0214863927129,41.686916168166775,15.536211224954188,19.30745199748064,36.884474223961604,76.84577773869874,22.379464170686134,20.978513607287113,32.03463494470711,0
228.44453855035857,38.87763265492249,3.080398238752675,40.693258862071865,31.769876012632295,69.34591719148342,-1.8156262071493714,8.444538550358573,26.96005094689167,0
210.2403614631726,34.148494734422016,15.60449199469568,42.389114360192295,88.04671952486177,46.61776967853698,-8.240619625770279,9.759638536827396,15.919266623980183,0
212.69311924352957,36.74589470021045,23.579581934429946,32.56173262359063,63.229011924673294,33.57780078506658,4.18416207661982,7.306880756470434,12.338463319127001,0
211.11409113641696,74.49094425308725,21.883645668946727,39.770359565481186,88.69910052835647,98.15056868015414,34.72058468760606,8.88590886358304,73.11328539962173,1
207.04013845480276,57.44679580736786,10.539135859316414,31.07166704464188,43.642919099256034,81.75156175205201,26.375128762725982,12.959861545197242,46.96365274903556,0
220.7278244191724,31.489256337919787,0.9587513588662642,29.23910681839387,69.2122189981892,37.160130082264885,2.250149519525916,0.727824419172407,11.701448617108833,0
207.53574825383444,31.7754204325643,8.695043760004916,27.335699047569907,35.58225455788664,86.28083166506453,4.439721384994392,12.464251746165559,27.41609701428732,0
224.05685238669759,49.81866061718492,19.833367478413326,27.516872068979477,38.284011989173905,78.30387537532134,22.30178854820544,4.056852386697585,39.00994192333477,0
219.24642835826293,50.47264797377967,16.835978435163984,17.617587549527748,55.833148488873675,36.73724948901985,32.855060424251924,0.7535716417370679,18.54226260984216,0
216.41577929700387,50.48883835317365,11.024247734254953,32.114038108858715,42.37326878556499,48.38975688174757,18.374800244314933,3.5842207029961344,24.431426131519252,0
206.38654506937604,42.45044206446302,1.3224368438119463,29.67732871828765,31.733509468840914,26.735810085192398,12.773113346175368,13.61345493062396,11.34946957067946,0
211.348430041475,43.745457399970995,10.245473467759263,35.962885792623005,38.401649139252825,19.994719994029843,7.78257160734799,8.651569958524988,8.746781717231809,0
231.33086838738635,48.27879524159357,11.256598553229203,30.748187971508877,22.502387612610526,75.04858295557271,17.530607270084694,11.330868387386346,36.23255169683844,0
227.5137578143657,45.858930062933304,22.28533278945926,28.698370387447266,69.30965350342406,34.076067161847995,17.160559675486038,7.513757814365704,15.626919807950053,0
205.33667132802174,22.80699627252465,15.386066485971828,23.030455759938953,54.44816599601031,83.80534291716282,-0.22345948741430277,14.663328671978263,19.113481435293824,0
221.4899845814384,42.70200369424806,7.479669999711573,30.57722589457409,26.597014648316794,99.60478403629835,12.124777799673971,1.4899845814383923,42.533238558827925,0
231.27080685057683,36.485935657396865,12.607638346817314,35.9058978465293,32.018579518994386,16.89578325366838,0.5800378108675659,11.270806850576832,6.16458460674668,0
194.95892078317942,46.75211418908512,1.5853273877318417,20.853288071329114,27.17741766788508,52.57316125753302,25.898826117756006,25.041079216820577,24.579064383933698,0
228.15040288569904,74.85259002603411,23.341637655593683,30.699790029445914,62.88149657931135,82.18563033797227,44.15279999658819,8.150402885699037,61.51807293719429,1
210.0606436158123,48.67481665474304,8.641437646337424,31.86434361223587,26.594725452874567,81.00558068871102,16.81047304250717,9.939356384187704,39.42931788034002,0
228.5589800288974,41.86470313827602,11.46881651791526,24.255481731053884,72.79976331246513,78.39974424978716,17.609221407222137,8.558980028897395,32.82182019134102,0
208.55111265186224,54.21801501977252,8.526815381686141,25.297149560736,21.435764352427384,41.40954417717198,28.920865459036524,11.44888734813776,22.451432881598443,0
192.9267684900322,49.826878872092124,16.380281522788803,31.844886790129717,37.45630515971244,50.84679301165471,17.981992081962407,27.073231509967798,25.335369964260593,0
195.58686343175256,49.200944904518416,15.893571799910234,20.932631853659018,82.34666731243351,63.547152160732324,28.268313050859398,24.413136568247438,31.265799322992393,0
220.72127419992074,51.06850593215671,17.167735452699254,32.79938972199514,70.29719226855721,97.65465252159315,18.26911621016157,0.7212741999207424,49.870772016016815,0
223.89583752582223,65.56543564829542,6.4354375106861,22.8371650107264,25.10778330479814,39.47925438446436,42.72827063756902,3.8958375258222304,25.88474512787283,1
206.43525062343386,33.69111564674084,7.576043547937584,38.50282954426573,77.47882731396258,93.0829498945172,-4.811713897524889,13.56474937656614,31.360684296359622,0
229.5788868816606,49.736320768114545,3.0060295463089908,48.702621963106395,54.51245850781434,34.242122636244474,1.0336988050081501,9.578886881660594,17.030771952173712,0
195.0771990659656,35.73618870018461,15.732239324306702,23.11394558638544,79.27481190181805,99.0167018926334,12.622243113799172,24.9228009340344,35.38479543305075,0
219.00880302029026,50.55512646342248,0.9551310560556612,34.2736628989974,62.05178421152754,70.32373181448327,16.28146356442508,0.9911969797097413,35.55225155261009,0
201.83475700356314,35.81313488513906,14.344376052563018,24.186064760943847,67.72831224230012,51.71603323226959,11.62707012419521,18.16524299643686,18.521132738716048,0
210.2224583829676,40.82633186394916,20.872701236439212,38.32763339038232,89.54510922769957,65.20513852572444,2.49869847356684,9.777541617032398,26.62086624686002,0
220.7109800697462,42.049100857620935,21.379971558951205,19.87793272731828,36.263488214681274,34.52780521361861,22.171168130302654,0.7109800697461992,14.51863163819739,0
207.0937995207407,54.75816719344709,10.77690624887908,33.8446940674217,63.676190233297184,34.675647176031994,20.913473126025394,12.906200479259297,18.987748856061415,0
214.23166683655262,54.18454443942414,11.02328851711377,23.016088264885177,52.222497304017885,20.219908945914447,31.16845617453896,5.76833316344738,10.95606554841011,0
235.09439213821662,32.542826235536154,1.8472603921924167,28.34412328721305,22.7616367045884,20.26452679348589,4.198702948323103,15.09439213821662,6.594649741857779,0
211.34662195715276,45.54934110999849,16.09836061063286,21.751797798821542,21.012944905200552,41.29045673220202,23.797543311176945,8.653378042847237,18.807530982827032,0
232.53538168097714,37.904201452508275,19.710226088948293,36.57880376716603,28.346000447250105,78.65699301067345,1.3253976853422458,12.535381680977139,29.814305087251018,0
203.05439718013574,32.414950893246655,5.871721310513113,23.304157164483303,65.43642183769836,64.71740508383462,9.110793728763351,16.945602819864263,20.97811507730851,0
227.94706266872925,42.82982949575629,10.111221159200753,34.41571407465462,59.70141615393745,19.232610429791873,8.41411542110167,7.947062668729245,8.2372942546629,0
241.6235293098685,41.915172115441806,20.132144082366487,27.24721577390134,58.74006928146092,86.70128724783198,14.667956341540467,21.623529309868502,36.340993776232374,0
182.92533249809065,69.26716486345522,21.05089122389491,29.084221025609097,22.229973376978208,64.12308642910597,40.182943837846125,37.074667501909346,44.416243992384715,1
208.04657116794286,49.32959825360696,5.8363195263414225,31.182047259201028,52.85120974520049,96.47700191063018,18.147550994405933,11.953428832057142,47.59171744963858,0
228.6560819077081,31.22382499245763,13.21369522899274,23.90540262672921,84.723597248977,70.31669206700869,7.31842236572842,8.656081907708113,21.955560871488128,0
216.9543192093551,39.352259958290574,4.619835615259849,31.682936908327097,47.83143085174527,25.76573773337629,7.669323049963477,3.0456807906448944,10.139400093009604,0
225.56718810056964,55.213832954293984,2.445090339349357,42.24267651483529,63.74457288519194,52.640502607704,12.971156439458696,5.567188100569638,29.064839176118458,0
210.94022219926268,65.88442772869925,21.86689203340698,23.775241713338286,74.58730729362006,68.36478377924837,42.10918601536096,9.059777800737322,45.0417465609204,1
221.2988468120935,29.140166877620416,19.69218010157062,39.37448114619076,74.87476953993213,12.543823094497991,-10.234314268570344,1.298846812093501,3.655290982570204,0
217.6648414691188,26.20075614860955,18.240837643276173,41.984781067902276,56.349605767669,11.341923773932711,-15.784024919292726,2.3351585308811877,2.9716697905692833,0
237.5167309248971,63.70965175371782,1.17039165151537,23.47076008777565,80.05663617816354,21.646270053871113,40.23889166594218,17.516730924897104,13.790763268990593,0
223.8163126495182,48.89614177370904,20.24949102504618,18.359563159275584,47.39646653546229,32.64979915409236,30.536578614433456,3.81631264951821,15.964492083216257,0
225.06403993112804,36.31707268123634,10.513057821729209,32.41568720137412,82.20852503493589,48.6594211168608,3.9013854798622205,5.064039931128036,17.6716773332792,0
213.821845508163,50.346290861224354,8.217482959100632,25.620739817865015,36.81590164768817,53.86964263838095,24.72555104335934,6.178154491837006,27.121366968621405,0
212.6859066389126,18.64252260983122,13.115432664609035,44.94882575330402,39.61514848933997,22.42248480441071,-26.3063031434728,7.3140933610874015,4.180116799348237,0
213.5116271827057,45.03375506597161,2.19247782536534,30.278460323998658,23.718443693930077,70.60524212042478,14.755294741972953,6.488372817294305,31.796191800248316,0
225.91678213567445,48.278211728430854,18.15951718445757,23.582404735718566,75.6907285579598,63.652425552688136,24.69580699271229,5.9167821356744525,30.7302527786086,0
213.68523278769607,54.2427013953783,13.9784418453191,20.82272391190631,49.19386653628939,36.501768895704416,33.41997748347199,6.314767212303934,19.79954550612802,0
224.3466228534462,34.861040477074624,4.4781623249560205,38.719239672726644,36.03816297379793,11.229389509176281,-3.85819919565202,4.346622853446206,3.9146820221223146,0
251.13101197968157,45.856871614033594,4.517572794457094,25.430528207326507,36.22531943316058,16.988312381796167,20.426343406707087,31.131011979681574,7.790308598311241,0
233.06687055147538,35.74575373940412,4.4219676377441814,30.350630395683424,83.09799588604632,45.25252979597555,5.395123343720698,13.066870551475375,16.175857861719894,0
215.1096470174824,47.55383755674317,1.3680573012464157,37.64642196089984,78.37416203227258,23.85769160491155,9.907415595843325,4.890352982517612,11.345247910588391,0
238.01820883245918,36.04653677636976,14.107162784920435,26.125933184553357,58.74716197500283,43.91376455331738,9.920603591816405,18.01820883245918,15.829391289599977,0
213.87886940467672,40.918991608397796,20.168356262124195,29.632569370078716,63.127756029100475,66.53643440593197,11.28642223831908,6.1211305953232795,27.22603801109041,0
189.42813197233218,35.04184605209771,0.4199571356973264,29.867452721419838,53.20278993852037,59.25136850913552,5.174393330677873,30.57186802766782,20.76277333673237,0
204.87870533623894,51.51136241823657,1.1761114793105651,35.46659609212873,47.41665800151662,30.805829482365482,16.04476632610784,15.121294663761063,15.868502470605256,0
191.93812118461216,53.58451116656666,13.7464866404867,34.72595468408261,84.0833816852832,40.94402421328772,18.858556482484047,28.061878815387843,21.939655226610913,0
214.72729773938036,42.653794300425865,19.667896449265257,28.23909014996137,28.792889246421147,65.26280786037856,14.414704150464495,5.2727022606196385,27.83706381944803,0
220.27627568784328,45.382379949600285,7.841733373647206,30.50919249197214,49.291275280135956,87.47695252391038,14.873187457628145,0.27627568784328105,39.69912296273247,0
245.14655968412924,30.51408585366456,8.390745571385331,27.025767907812092,44.11933355915127,77.78920948649895,3.4883179458524687,25.146559684129244,23.736666167597267,0
224.90391060646243,42.00323351993213,14.312315939922623,18.179100744644444,54.87055041758039,59.80600241500734,23.824132775287687,4.903910606462432,25.120454853311784,0
216.71349206786704,44.49795382958255,6.581109338979528,32.060806859185035,52.034231218162255,42.60636984848376,12.437146970397514,3.286507932132963,18.958962783639482,0
232.44108371775235,71.20793091029975,0.6386007858644192,45.137534086664544,56.3222672155757,42.85461497876249,26.070396823635207,12.441083717752349,30.51588462595216,1
186.83297036488173,33.88032974225837,17.645484434438305,22.930246874471496,29.794328405889587,89.14755792379565,10.950082867786872,33.16702963511827,30.203486581752742,0
223.5342183716285,59.64177238752438,15.015597910594874,23.815762323178376,55.919905105929395,13.531921843649176,35.826010064346,3.534218371628498,8.070678025646934,0
231.5629779083045,54.96858773465808,13.93814397733582,23.03417782685007,36.969316972104764,98.91843799782349,31.93440990780801,11.562977908304504,54.374068376586955,0
197.82120631330238,47.806364044901365,17.800419095803754,35.79673422978498,32.90319442917339,69.7937869766406,12.009629815116384,22.178793686697617,33.365871882775764,0
237.15631064810393,62.586204841951336,16.2055401014889,33.58788363357152,24.538395315033384,71.30239291651515,28.998321208379814,17.156310648103926,44.62546168794317,0
225.07744611241623,48.72105472606863,4.941167716279708,28.731698460668348,73.38567911292986,13.419805357426794,19.989356265400282,5.077446112416226,6.538270712323798,0
213.770681291488,48.891591956679285,8.459545126640428,22.65584750688828,49.9209344599592,64.4976347402145,26.235744449791007,6.229318708512011,31.53392039889509,0
229.49172799159427,44.46879346982455,3.026643400287,30.739014333119393,63.86505783182309,53.63002540814023,13.729779136705154,9.491727991594274,23.848625236560306,0
254.06039286706593,57.235688824186276,3.1165683220291447,17.483022981313567,70.93153403133203,19.52010162046603,39.75266584287271,34.06039286706593,11.172464621654878,0
222.72799382587743,55.96469233810883,16.228697912556942,31.147412534859946,67.55216657194875,35.01298096924232,24.817279803248887,2.7279938258774337,19.59490707783706,0
223.72330879450504,38.743227125037876,20.606402567579956,36.97219508870347,52.93505033627776,90.1283010592286,1.7710320363344039,3.7233087945050443,34.91861238331486,0
213.10958650689633,31.807528054012327,23.105582012667337,19.990406906930577,47.15289702662109,59.498957427935764,11.81712114708175,6.890413493103665,18.92514757573552,0
207.25233445802812,42.97019362604343,15.080330821186665,17.73985378536269,46.317193674846465,47.20749176565179,25.23033984068074,12.747665541971884,20.28515061769908,0
232.45503724816368,36.999614356023535,4.418431760662967,42.63550313355888,64.80341578510394,16.541394025672986,-5.635888777535342,12.455037248163677,6.120251998609322,0
207.158742611367,44.36475425384645,2.535608290774337,25.10592288396332,54.63560484593114,74.2709374662075,19.25883136988313,12.84125738863301,32.95011888891093,0
221.0734935582909,57.37438134684139,19.508423316882187,39.08758276755057,79.43925735919575,73.25657410564293,18.286798579290817,1.0734935582908918,42.030506189003034,0
212.83513829852325,40.4269834491321,13.890155432639983,28.768018678417345,81.22913890286985,65.26392462753071,11.658964770714757,7.164861701476752,26.384236007425894,0
227.18469738619586,44.571766186884254,14.838840504329276,28.70436146446938,31.939226460456293,55.92363815985843,15.867404722414875,7.1846973861958645,24.926153243811278,0
225.0049315793042,45.58022734808395,18.75509013011302,33.50730159597316,29.536355608200793,49.04059619866354,12.072925752110791,5.004931579304213,22.35281524020666,0
235.5630991638685,53.484308822052846,16.87865346557884,22.928009146028476,64.12806482251997,63.394398368919305,30.55629967602437,15.563099163868486,33.90605579951524,0
212.34975401717878,22.53110666015395,20.02699806854632,31.059977147965164,41.08580236435956,31.005590655556603,-8.528870487811215,7.650245982821218,6.985902701214184,0
215.95187597059942,38.932997052347034,1.3491337310370835,26.94808468140726,21.29995031355692,94.71331577598829,11.984912370939774,4.048124029400583,36.87473243924566,0
205.31854426326538,47.11283692279473,17.940495281916114,19.436052452759746,82.20498685540686,62.99150762622066,27.67678447003498,14.68145573673462,29.677086263151146,0
213.33560109885832,57.000789564268615,20.42046617573029,32.69985659781119,35.88305370706658,38.00731999189389,24.300932966457424,6.664398901141681,21.66447248759763,0
225.6595073956728,40.08097552493795,6.867241018999544,27.89353754497667,85.04964561800664,50.471186579664156,12.187437979961278,5.65950739567279,20.229343940140957,0
231.35482924968028,26.23447293958126,15.370734575838068,28.743801372442338,70.22041156147776,82.51163099892031,-2.5093284328610785,11.354829249680279,21.646491506418894,0
206.16752013733563,51.197114459661364,7.53988953208733,20.31871245268674,73.3857442938039,24.54544546572677,30.878402006974625,13.832479862664371,12.566559809721896,0
233.0440888015849,38.646376111743706,22.991305595578897,42.731202942102435,34.10230470552123,36.355206021423434,-4.084826830358729,13.044088801584905,14.049969655238595,0
240.33456788207425,33.103333409096386,0.8021657384520902,37.01371349108893,36.39360979317691,71.15572204628998,-3.9103800819925425,20.334567882074253,23.554915908633276,0
226.2015235483555,38.75654610286776,13.915028251990922,37.713247073375825,56.488742767684606,38.39402858340015,1.0432990294919335,6.20152354835551,14.880199388673704,0
248.151937188371,43.1547464234415,3.996085129188362,27.556442380466542,32.04698968549035,81.32515136753193,15.59830404297496,28.151937188370994,35.09566285113837,0
208.3931620134464,38.952553354617876,17.093284924251808,16.16653688397264,41.38021848781226,21.740813845962474,22.786016470645237,11.606837986553586,8.468602113076683,0
201.33017945032876,22.944339429009307,4.22136680204789,45.623339059916084,42.50237345634631,78.64175534091477,-22.678999630906777,18.669820549671243,18.043831278350538,0
193.31919626643582,53.970661968871326,5.649198285560582,29.511219935953054,31.174095327693486,16.151654336550962,24.459442032918272,26.680803733564176,8.717154764360465,0
242.44066467233773,57.748750412787224,11.864899465098194,24.00960163183957,34.36279833766125,11.13333514007453,33.73914878094766,22.440664672337732,6.429361922660775,0
229.81548484531086,51.51521991339506,21.956038799925075,33.33441259586491,75.19862894057796,90.84011669489459,18.180807317530146,9.815484845310863,46.79648588495965,0
219.16622993634317,33.62314329575183,5.0811449315513,39.336966304026376,31.703709818308788,62.32052952390688,-5.713823008274545,0.8337700636568286,20.954120944494534,0
224.1995293947973,42.98508466052482,3.4617605068344846,29.81559555131627,21.992017429074576,41.66442073781303,13.169489109208548,4.19952939479731,17.90948652746619,0
203.11766429052435,44.93478684770542,18.215443964496735,40.228601343514995,64.05484598402569,30.933517326746536,4.706185504190422,16.882335709475655,13.89991007527158,0
256.6862796942524,50.987943895619104,12.014868776014342,38.66399950813495,88.3188183574715,65.51972049347344,12.323944387484154,36.68627969425239,33.40715832577869,0
221.9383177296284,51.68340488718081,21.882842697162513,21.388950500783533,43.1849670236185,55.81019651830644,30.294454386397273,1.9383177296284089,28.844609834887603,0
221.6409219190734,37.65826201221504,3.518749371836215,24.60967915472419,28.30589922373766,99.24379979769867,13.04858285749085,1.6409219190734063,37.3734901586955,0
230.88649935848036,45.819955564135604,15.502269432552943,37.66029730623814,59.92711277572715,98.48943879883711,8.159658257897462,10.886499358480364,45.1278170929937,0
227.2151384760507,49.57280404615241,5.589099507643561,8.299099489516497,83.44479477669523,67.15221095274487,41.27370455663592,7.215138476050697,33.28923394826311,0
223.35826036418698,59.558223221467664,3.7622502876393433,28.80435445468009,74.88432458799352,49.85834554953015,30.753868766787573,3.3582603641869753,29.694744736919855,0
208.1428831683203,52.04506539824723,16.40230596377449,18.553350387002624,63.57611078889012,54.202687222119586,33.49171501124461,11.85711683167969,28.209824012359537,0
227.07202535703993,52.89056687375519,14.248430877809596,26.1875695885318,42.05395476253196,71.42311596131758,26.70299728522339,7.072025357039934,37.77609091084039,0
248.2303674471255,45.838266279293606,18.11585900069595,27.609439287766367,57.9316121293354,19.141708981184323,18.22882699152724,28.230367447125502,8.77422753320273,0
240.18130069232467,59.10459145203504,7.427101834708377,27.134044976739936,26.387138891297877,39.55168664296464,31.9705464752951,20.18130069232467,23.37686280271336,0
243.89779939959095,49.09762795959497,10.75131975317256,25.58190998309913,67.52617969964689,16.774501690324346,23.515717976495843,23.89779939959095,8.235882431991417,0
212.33176485353223,36.389120898264295,9.731320231930043,21.22285080296949,70.75672132283556,16.60246835652276,15.166270095294806,7.668235146467765,6.0414922823511406,0
205.1559276961213,59.033699701251905,23.61814713519634,48.33529013454949,87.55221360369431,27.625531770481036,10.698409566702416,14.844072303878704,16.308373466259713,0
218.11319619850528,51.979032725390276,7.013974961745309,44.93969603329081,38.227815112155014,53.67279291339042,7.039336692099468,1.8868038014947217,27.898598593082156,0
220.8358736843304,40.569559788715175,7.075613720322405,20.703473437949736,21.291949333011583,80.62968890465103,19.86608635076544,0.8358736843304087,32.71110984762745,0
236.41287277706422,40.205070326007565,8.509157011886577,42.656934010428536,58.19259250990054,53.69463020492853,-2.451863684420971,16.412872777064223,21.587963835181217,0
194.6130305542777,47.96575545140762,13.550257950967715,26.804276076217178,69.47533530777702,40.192894950478276,21.16147937519044,25.386969445722286,19.27882570078757,0
242.9432547919092,49.63184795267585,6.055745862329886,31.033499786653685,75.32852331180916,17.411769130308233,18.598348166022163,22.943254791909197,8.641782780625531,0
217.62988152131516,46.972922656312065,21.966958569102573,29.493808320824673,33.561725311736744,59.526597086481665,17.47911433548739,2.3701184786848444,27.961382409367545,0
213.5967839507887,48.11308673442885,6.376453556790324,24.722010869968273,38.32270083259166,34.41417278348591,23.391075864460575,6.403216049211295,16.557720800254785,0
204.81843437109748,61.999573745763804,21.499577557444674,37.870818748849175,55.881364768710746,65.34407601254327,24.12875499691463,15.181565628902518,40.51304859588472,0
195.17714992201346,55.71543152234886,2.4834015275180317,31.00709224461326,43.14205669790013,97.94689652191765,24.708339277735597,24.822850077986544,54.57153605993492,0
232.34755875942872,46.90635591265024,15.757504857591655,26.187588614246067,80.23580406112114,20.018288932979516,20.718767298404174,12.347558759428722,9.389849854526046,0
221.09976950782607,54.41310580767483,21.76765244251785,19.563284449596217,53.16321076171042,29.091285884974592,34.849821358078614,1.0997695078260676,15.829472169404399,0
200.6505865038842,34.674760964724605,4.049986521557509,22.851239890247037,75.97050508714021,52.57850842894373,11.823521074477569,19.3494134961158,18.231472116553817,0
200.57381841904575,48.979270499468086,23.23984704238212,16.868959075183227,60.643383233764766,97.17524338113365,32.11031142428486,19.42618158095425,47.59572531416191,0
214.9632295106481,63.0930634973311,10.869200649972282,30.097788387321355,74.11630991319784,79.46287986429961,32.99527511000974,5.036770489351909,50.135565249590485,0
245.0353228793409,42.81954104607626,22.697162602584587,20.42667526172483,43.28710905712267,90.84062738465471,22.39286578435143,25.035322879340896,38.897539729485416,0
216.10612972954593,36.52366071380915,16.24368104712113,27.87551589985167,78.19916353512178,40.034336362821364,8.64814481395748,3.893870270454073,14.622005182181997,0
197.4528557032284,38.4791111140694,7.238084876965237,40.96081482888297,39.22006208857151,99.28346264007351,-2.4817037148135697,22.54714429677159,38.20339390716946,0
216.31385403871084,34.10366962657612,4.519260598010554,39.594396583372685,58.22691656023036,19.254953445774166,-5.490726956796564,3.6861459612891565,6.566645709897856,0
215.90914645378496,37.15238091872297,7.289641109402385,29.74178484717906,34.980497922171196,14.767561544149075,7.41059607154391,4.090853546215044,5.486500717289111,0
179.54670035587642,41.29491901409971,2.2324178223041997,29.3033221908548,53.286856513833534,87.00423643486253,11.991596823244912,40.453299644123575,35.92832897461232,0
219.1855770022328,30.94432980821358,3.4528311922399144,45.038996395368066,42.27226466560922,93.45383831862875,-14.094666587154485,0.8144229977671955,28.918663947751167,0
216.53598204686983,45.15618333949603,2.5118505683155474,34.16604896286969,38.669240144605,18.15268217914916,10.990134376626344,3.464017953130167,8.197058445852619,0
230.44309547220126,54.02277173786647,10.150645049797387,27.377548320987817,87.68895126196263,20.208468407125736,26.645223416878654,10.443095472201264,10.917174759300396,0
247.73434142418017,35.9224381985308,19.093881030182075,18.591855063036384,31.205187384071145,12.985674198019643,17.330583135494415,27.734341424180172,4.664770788446166,0
236.89847544321637,60.19283923641769,3.3932053011921646,33.150985745317946,75.11280862201767,19.40568063784517,27.041853491099744,16.89847544321637,11.680830149070777,0
215.96666964167756,50.107920885275945,3.127690396136061,36.6345901806629,88.89154716382504,28.84778351202528,13.473330704613048,4.033330358322445,14.455024539361307,0
203.40211136887496,55.305805856240575,15.44229478841594,24.94678780389085,21.393103861805447,97.30689570190009,30.359018052349725,16.597888631125045,53.81636282162737,0
258.60039704874794,38.42165446147863,4.732391567233591,32.32962204110426,68.93191898294666,70.10742000157124,6.092032420374373,38.600397048747936,26.93643066486126,0
220.88827651021734,53.545252270666154,2.3426409146157985,27.091413640679768,37.7038263889401,80.06977229666879,26.453838629986386,0.888276510217338,42.87356156879926,0
220.2089393786942,34.08066099604687,4.004365876933863,28.527740806407976,22.834147702981312,79.852546332237,5.552920189638897,0.20893937869419688,27.214275612200954,0
219.63812369334994,53.90247500836509,22.16955350104263,10.09742353950135,48.202270526964156,58.15663748012932,43.80505146886374,0.36187630665006054,31.34786698343219,0
222.97127141151782,46.718393397935316,19.71531006662858,28.225748770270915,85.46524671196126,81.77400799417154,18.4926446276644,2.9712714115178187,38.20350275197613,0
217.83459382114086,50.53251219984784,8.497549496522257,37.754954419264436,20.823556605689838,63.62267791509727,12.7775577805834,2.1654061788591434,32.15013747931642,0
211.39506989679646,33.24405394375148,15.739698415857427,24.948779555467535,61.15199843508472,38.30914878430218,8.295274388283946,8.604930103203543,12.73551408724543,0
211.79711588139412,36.049301577233955,12.894616168032915,30.42021094572253,55.097753501672706,60.499909789156064,5.629090631511424,8.20288411860588,21.809794933847357,0
219.50870094676003,50.972282182533846,16.250982323581535,23.952394346464636,81.13689150597332,58.01577275210621,27.01988783606921,0.49129905323997036,29.571963397581158,0
211.84862843299354,35.51651995775799,16.384107659106224,32.88353341034218,25.880120016443797,84.11077483833886,2.632986547415811,8.151371567006464,29.873220132083507,0
209.30731325984254,49.63206292099123,15.08961636143983,28.26781441971061,67.70682209206552,98.35544956434931,21.36424850128062,10.692686740157455,48.81583861400165,0
221.59645341537845,31.328621935397543,6.386432844895406,22.486067674543946,67.60767889032941,46.993830887883746,8.842554260853596,1.5964534153784484,14.722519611825174,0
216.17534173868717,53.48174212666668,0.9361540983076351,40.66041174132102,66.83560118035983,78.70516105972237,12.82133038534566,3.824658261312834,42.0928912783384,0
242.55989482874034,32.67476685231491,10.933602767762611,37.43145610825772,85.96341464545259,18.978670363432016,-4.75668925594281,22.55989482874034,6.2012362929207985,0
180.23545287410482,50.522999376795234,21.383373232576893,25.160745888574603,77.61612703048164,79.91482325034598,25.36225348822063,39.76454712589518,40.37536565273931,1
236.37260277883692,51.256309336460006,13.667934204445821,33.98230647534222,22.938090837045422,43.42752207939089,17.274002861117786,16.37260277883692,22.259345054172062,0
238.69127788746442,38.03228181570425,19.97738500084579,34.29929602256305,52.97579954931592,13.5451146600718,3.7329857931412036,18.691277887464423,5.151516179778778,0
188.89914651387775,50.82026567084727,23.798984231069475,35.138409880089405,47.85671393409334,42.69215607059595,15.681855790757865,31.100853486122247,21.696267135689613,1
214.85968608879477,47.60442263333556,3.9267888993186304,16.445952832039378,41.71030547635614,64.95784758294803,31.15846980129618,5.140313911205226,30.92280829690453,0
214.42838701006312,39.61158143807262,16.602663339407577,38.052852328261025,51.59357076078681,20.73251509133199,1.558729109811594,5.571612989936881,8.212477099563667,0
198.88732457923268,34.91445315923792,16.18304576880059,25.44240829659415,46.89359294481842,93.16310431872292,9.472044862643774,21.112675420767317,32.52738841905247,0
208.33274968613688,25.37374308327421,23.518930736598683,27.137376532469865,50.26337299150657,16.990517194555473,-1.7636334491956553,11.667250313863121,4.3111301814660345,0
203.34136231801256,48.496500472996935,23.654417614867207,51.1030540180816,88.54833059260497,93.70060478498496,-2.6065535450846653,16.658637681987443,45.44151424275122,0
246.28405665135435,29.35197228637945,16.480286681379106,32.41498704576809,26.20430823247065,73.64237661421178,-3.0630147593886434,26.284056651354348,21.615489974834624,0
234.03517589721193,45.95344199441308,5.846755007572662,26.909420196422595,84.55616088871109,39.674095787278326,19.04402179799049,14.035175897211928,18.23161259441483,0
239.07332642491238,42.36551783917751,19.165340115134377,12.357645017952752,53.61656994297187,45.16753129381839,30.007872821224755,19.07332642491238,19.135458527798715,0
230.82508096064853,51.79142775438196,2.5686992210649144,41.118113071570846,63.66195718496788,76.67284282594697,10.67331468281111,10.825080960648535,39.709959999431156,0
203.06422343174157,41.97954500510136,18.73678330011909,19.23832263353118,78.11280766323857,64.13239907930867,22.741222371570178,16.935776568258433,26.922489334349592,0
212.1321960058034,41.70552213652908,21.844706979472715,21.97248877200397,45.23241204044788,70.44786293094506,19.733033364525113,7.867803994196606,29.380649069376958,0
227.34061841841879,52.318707042882956,9.188001474442446,27.349181607297208,50.12953356615768,45.0248154862132,24.969525435585748,7.340618418418785,23.55640131083048,0
201.6680828666208,48.35058029084117,15.135247079593931,41.331294333602344,48.66629361950998,53.90321336268391,7.019285957238829,18.331917133379193,26.062516456267907,0
230.69497645258582,48.16155957182778,10.323425570323831,36.18591989332607,46.23117157750319,99.0880735634104,11.975639678501707,10.69497645258582,47.72236157781844,0
216.39511902762797,49.69267589808526,10.506361319715083,28.73729992127792,84.78705251528265,29.253058344974594,20.955375976807343,3.6048809723720296,14.53662747364601,0
214.37768788675604,29.64427876792894,7.448901338594881,32.46633650911057,78.02509238351084,47.607056786991826,-2.822057741181627,5.622312113243964,14.112768627142094,0
230.66439952305237,52.56788679986982,18.29111089080779,25.196914457031156,27.62999929040833,36.26408688165706,27.370972342838662,10.664399523052367,19.063264140955923,0
226.66394967229058,51.12468794013602,22.468237539996124,31.117229516522805,27.568634673396723,78.86003593958648,20.007458423613215,6.663949672290585,40.3169472835927,0
214.5855075127138,34.83316871423503,22.57802062162707,30.586693958225094,49.95086603970938,78.76113630991486,4.246474756009935,5.414492487286196,27.43499949208127,0
237.38994705046372,42.55919526325799,4.194750836998412,37.750159165450825,26.906016371296634,36.32009148976563,4.809036097807166,17.389947050463718,15.457538656923303,0
203.78405008600154,44.606927123723686,20.993847591757586,37.737424979511594,63.336516668978376,17.32512849696846,6.869502144212092,16.215949913998458,7.728207442734206,0
229.23903410416395,43.655032155982674,17.69835459425093,33.95181905764516,30.058412508321375,11.028940900498364,9.703213098337514,9.239034104163949,4.814687696576886,0
228.89651886952575,48.338599665685344,6.068097616566942,27.10121953963118,56.566128477676074,48.47054799182369,21.237380126054163,8.89651886952575,23.429984149531542,0
215.35680341029015,59.313667818311835,1.6148307101163493,35.93457835512101,20.505396290260244,46.93038349021938,23.379089463190823,4.643196589709845,27.83613176924858,0
224.89199533363177,55.81766727672829,6.431934405225071,29.26425227037563,42.16174438888527,98.95508907758766,26.553415006352658,4.891995333631769,55.23442237471797,0
201.23329635422044,31.877808065685937,21.892997682756615,21.344685050294935,67.40335065708588,52.28218681279117,10.533123015391002,18.766703645779558,16.66641516472493,0
233.86040528810352,51.220699903060485,15.196288197498536,26.77369766471249,53.88272581594939,33.07765326178786,24.447002238347995,13.860405288103522,16.942605512195257,0
217.22646795335515,58.2893331953541,17.305311861548923,30.676215870274596,88.47886401992916,90.21064969283206,27.6131173250795,2.7735320466448457,52.583186177148555,0
212.1591546922144,48.868085206892026,6.1716564266183,37.281726269317964,81.18726572463476,54.196115468822065,11.586358937574062,7.8408453077855995,26.48460388612956,0
235.73513838755335,55.90980425185967,17.26531573379569,28.531774622742777,45.13495453302059,63.925807168952005,27.37802962911689,15.735138387553349,35.74079365458234,0
209.4348446418586,65.12270445700764,0.6749161506701702,20.32641031008315,23.184057903059223,18.61018393853914,44.796294146924495,10.565155358141396,12.11945508520035,1
198.87308055454662,55.23709546106981,9.007712298552331,30.453933466374554,79.19384100805132,44.462476659679666,24.78316199469526,21.12691944545338,24.55978067686314,0
196.65056239714144,47.49308595641729,15.042080365015948,30.90764832045242,83.786401722027,94.9801307026408,16.58543763596487,23.349437602858558,45.108995116122685,0
229.09014927018458,55.450884740847535,3.5063175729916853,31.486701031222026,77.44391753933257,63.055484575788284,23.96418370962551,9.090149270184583,34.964824074903255,0
200.79355971255575,46.44887833096891,19.752085786726433,37.35897212763544,28.95649586438354,41.00516696282155,9.08990620333347,19.206440287444252,19.04644011197164,0
246.32191272976547,45.23903043284955,5.640751171486047,38.151385920719186,89.85405940886014,66.31004625684338,7.0876445121303675,26.321912729765472,29.99802200616999,0
188.77105888174418,41.485857642862676,15.65474670764271,25.246313020946666,38.100895508694165,91.93699806203045,16.23954462191601,31.22894111825582,38.14085213713537,0
245.44684552435058,60.63413358832108,9.724731421807913,25.070852335608453,70.6943438965859,34.6591540425331,35.56328125271263,25.44684552435058,21.015277762731507,0
223.16526200803926,36.81571334057999,14.305046291463533,21.678410312356213,83.56244134350051,55.4605046623607,15.137303028223776,3.1652620080392637,20.418180413733715,0
218.5493033219441,60.32367724678116,2.578813263093795,35.59052536224381,36.498098003149664,96.28215885205798,24.73315188453735,1.4506966780558912,58.08093875214858,0
211.82621369786574,49.99864123740372,0.4059071981185758,41.59056086670172,83.57809882739463,25.51565289686074,8.408080370701995,8.17378630213426,12.75747975128261,0
225.98704171528107,31.006938251980586,21.829546257127227,27.479344576728614,41.66371054364069,74.76975330370404,3.527593675251971,5.987041715281066,23.183811238037723,0
219.43547946362727,48.67649292991422,6.471120210412387,28.068555482200054,88.34892556688393,65.3032907382684,20.607937447714164,0.5645205363727257,31.787351699214547,0
236.54952823024783,23.99973492348376,19.67224806673102,41.73426045519181,39.68820142663322,71.17076180265713,-17.734525531708048,16.54952823024783,17.080794175661744,0
221.7134147299306,51.25508016831036,23.984407211332805,34.04446282572006,86.74050773304846,41.60976676008127,17.210617342590297,1.713414729930605,21.327119310726612,0
222.25452642192818,53.852314829889906,5.074350191973868,33.48988563840844,23.748125562487242,38.24914361353885,20.362429191481468,2.254526421928176,20.59804923849967,0
214.54581681679215,39.07644044347946,6.364097788400534,20.472667952210188,69.64904081688691,71.57887035295334,18.603772491269275,5.454183183207846,27.970474643587192,0
219.14581564418398,46.235476959555825,15.908634903231977,35.42982455423535,57.24777936859026,29.39889565940908,10.805652405320473,0.8541843558160167,13.592719628969943,0
224.61702653338088,64.54157433750287,23.17076723041491,22.566909275921933,53.451395398591146,47.76892703731046,41.974665061580936,4.61702653338088,30.830817554013237,0
194.3474741101506,39.942532957380635,21.979544356577854,20.927838512520335,35.6446019979088,26.93571814476262,19.0146944448603,25.652525889849386,10.758808097278965,0
199.77721866841432,34.410924129433994,12.069012481574038,27.225827385866303,69.39170528435443,10.747435701099677,7.185096743567691,20.22278133158568,3.6982919449651126,0
231.14896141034072,59.816634024625984,19.08264678064139,25.31365821241048,33.356664401241495,97.30516240342625,34.5029758122155,11.148961410340718,58.20467288192543,0
222.56298157191912,64.62587190530795,3.2579004743976254,28.227202444919687,58.69892571893378,48.853268079077715,36.39866946038826,2.5629815719191242,31.571850450341458,0
217.2402499547098,45.03695671847847,23.458516420896295,18.47214692380065,37.72717541281756,97.24146529778427,26.56480979467782,2.7597500452901897,43.79459663857737,0
220.2765089959809,55.11463035408356,23.144477616863675,37.67053045174138,86.89349658469493,22.629116779104347,17.44409990234218,0.2765089959808904,12.47195406519726,0
225.21372558042506,58.414759155308815,3.929494989100103,39.02149035613143,22.004183568495698,62.86301015117375,19.393268799177385,5.213725580425063,36.72127597758547,0
211.90360479535957,37.57515767461616,7.186154995274559,14.421260206873486,33.98097960778656,28.087662951211563,23.153897467742674,8.09639520464043,10.553983641032492,0
208.3254291189653,40.14694164632132,2.4037199401624063,37.8276624453324,36.96174244712134,81.10667142669473,2.319279200988916,11.674570881034697,32.5618480489487,0
222.93767882646523,57.30874513154735,6.521222373556313,23.515770961426988,48.984747803747155,80.53326898848778,33.79297417012036,2.9376788264652305,46.15260587071592,0
205.3244083357745,61.85014278708509,19.58293894596496,36.855804295862285,36.29111693090375,20.13464341353806,24.994338491222805,14.675591664225493,12.453305700943716,0
226.12379133571707,50.62880860174355,9.079574571966226,29.452428058668676,54.39443631881497,92.08580075887502,21.176380543074874,6.123791335717073,46.62194381559375,0
194.4612459364324,36.20185646497946,2.121527211522201,30.23020451264799,81.07258662809772,27.516668248290216,5.971651952331467,25.53875406356761,9.9615447431906,0
235.43733455988465,64.87061111699441,8.21341259469371,28.51921880463025,69.84443949864195,65.16796074304243,36.35139231236416,15.437334559884647,42.27485438649464,0
227.08896223619564,39.690291021880356,23.553200021790722,39.69703363386789,60.597338637457774,98.70702580789336,-0.006742611987533564,7.088962236195641,39.17710580219543,0
223.84044601470814,41.64862218828548,15.112406286220871,20.083295899799772,26.230222458787576,89.41568812897275,21.565326288485707,3.840446014708135,37.240402125891485,0
234.7403647591827,48.423378344896214,9.987862713747786,34.86272270988007,68.57944758724929,96.09075357050521,13.560655635016147,14.740364759182711,46.530389155907606,0
244.98211666693865,60.54160420714774,3.99692432393448,38.8106413191164,31.64899990176579,40.83388940963075,21.730962888031343,24.98211666693865,24.721491708763065,0
235.21555097527195,53.539759765522234,23.668243134808677,35.730720644323284,75.04571701731885,19.501807799751703,17.80903912119895,15.215550975271952,10.441221045920939,0
192.38688653002532,49.148655003619105,19.70037622231509,48.59759131458734,37.50397309571072,26.95121859605051,0.5510636890317642,27.613113469974678,13.2461614470441,0
200.80634549896448,49.63288530118106,6.7554552588220655,25.76842589820241,49.193410982463064,55.04454055689524,23.864459402978653,19.193654501035525,27.32019367916591,0
210.62772133456482,45.43514668643466,1.681648697308547,37.65843858074825,44.532914162254954,81.39067104459899,7.77670810568641,9.372278665435175,36.97997077818705,0
220.39136575316252,50.58139514518506,1.3590133770613928,29.151274917268637,80.11697402723998,23.513827976548768,21.430120227916426,0.39136575316251765,11.893622242577205,0
227.76488530703685,19.70439922305697,2.889075588132812,39.867248610821356,28.85811210993857,69.37583790346814,-20.162849387764386,7.764885307036849,13.67009206484024,0
209.113842802698,42.033925409302014,13.938446006746119,29.938488034229046,59.5951417669352,39.12198436355607,12.095437375072969,10.886157197301998,16.444505726015954,0
222.80150146715619,47.41321934916781,22.290322108931818,26.896993745100243,29.944312661014358,40.70818651529382,20.516225604067568,2.8015014671561858,19.301061765564608,0
208.66925601470015,33.48985916380493,11.921842272143628,40.448577630973034,69.33570852925307,69.57259571421338,-6.958718467168104,11.330743985299847,23.299764321293445,0
210.82723295512076,48.8632331781156,20.230691578948733,26.06750448784856,83.35546894561368,52.02994775798982,22.79572869026704,9.172767044879237,25.423514695438293,0
198.90008354727667,42.95528779013878,10.701278876635389,18.69819392879555,50.42253577070774,83.08299637233945,24.257093861343233,21.099916452723335,35.68854019640898,0
206.15150130833644,62.5547569831549,17.006005098427806,25.865224934609373,54.166458218548314,24.032665869654437,36.68953204854553,13.848498691663565,15.033575731335944,0
199.724730915755,60.730197252148564,17.56494569487602,34.95226357270826,84.91959855379336,81.09534427903347,25.777933679440302,20.275269084244997,49.249362542966,0
205.36190120534002,40.34194430881837,4.175128941680128,41.13631001269673,56.469397205454996,15.781172325167878,-0.7943657038783627,14.638098794659982,6.366431750697882,0
235.8046269491176,43.49162288433305,8.669185415419483,30.889035002372097,54.131890663469264,27.464849222104448,12.60258788196095,15.80462694911759,11.944908649428346,0
205.75901666752085,44.260524343916074,15.295251756912574,40.5455765378722,60.48303718930129,69.05347430528488,3.714947806043874,14.240983332479146,30.563429805210443,0
259.4857309725609,40.483405238403776,1.6967185964247884,19.13460062817925,68.24608154540664,86.9433090859964,21.348804610224526,39.48573097256087,35.19761214496185,0
227.39976851321333,46.950249840281266,8.67696450631096,26.453892281456778,27.481836256092198,32.74116649654141,20.49635755882449,7.399768513213331,15.372059470748656,0
222.7725418554231,37.4171793111241,12.83518719074862,27.69139906276719,77.47773694190613,39.44724452460217,9.725780248356912,2.7725418554231,14.760046217067977,0
207.1246332972818,33.693846650624735,23.909387833071328,29.083524580219844,50.485351921728146,58.34086734580659,4.610322070404891,12.875366702718196,19.657282378140472,0
230.50464819113486,51.227112239002686,11.388805502938578,30.67275510600157,25.064395692823986,29.04155258403721,20.554357133001115,10.504648191134862,14.877148738173725,0
211.3654326064334,51.29529584221811,19.585362170743764,35.52728765913754,75.03278684387492,83.00406354287551,15.768008183080568,8.634567393566613,42.5771799553807,0
221.8301472196804,36.956842403400074,10.369614841598825,26.44154529463608,46.38649801803905,79.62729805051848,10.515297108763995,1.8301472196804127,29.427735050615773,0
258.4012680740319,53.95355430762599,19.113377342873015,31.112229495625005,27.025724656653775,23.076254076920343,22.841324812000988,38.40126807403192,12.450459275556975,0
218.55910150413024,38.68422270834669,14.289955238882602,29.639016877407588,64.36453276802754,51.74467586349689,9.0452058309391,1.4408984958697602,20.01702565074725,0
237.23909989428515,47.53165238037981,21.27829059605756,22.5928807688708,81.60919474035492,79.73449899891592,24.93877161150901,17.239099894285147,37.89912489140214,0
209.4523536231117,53.20344012612456,9.862621256402637,29.090666487348518,82.14274565897904,40.35965779930733,24.112773638776044,10.54764637688831,21.472726372363237,0
219.47517264254557,44.66387435296287,14.503306075715493,28.850723760823055,87.03644323662812,66.97961404459585,15.813150592139817,0.5248273574544271,29.915690658977766,0
246.56200953453265,49.54740912141134,15.120448334851858,28.67935547997563,80.73938218366817,14.519180931181545,20.86805364143571,26.56200953453265,7.193877977050461,0
210.59549413318348,39.835703561124284,10.01719060321136,30.254075652651608,20.149864354183265,64.78198844763861,9.581627908472676,9.404505866816521,25.806360879003094,0
247.18672836995393,43.03533416571903,3.4634890484995564,30.60538832490709,46.616881648937316,23.73876820005463,12.42994584081194,27.186728369953926,10.216058221718955,0
230.61627903183214,42.94140569119659,2.2454257658960532,26.54163856714136,77.2979805933852,84.75249926030062,16.399767124055234,10.616279031832136,36.39391454079408,0
211.56299836158598,37.53421653459761,0.4001172143911944,40.18171787177012,45.637710419893196,41.990451722243066,-2.647501337172507,8.437001638414017,15.760787073282383,0
229.4861160858328,43.23225836884218,20.964822341885153,20.644154966375865,62.10839544657943,35.33984764553762,22.588103402466317,9.486116085832805,15.278214241274013,0
234.58831674440094,29.513817011362534,5.675397893728669,24.232239132240828,62.44218631621724,85.68000790403364,5.281577879121706,14.588316744400942,25.287440748117447,0
229.32714943325794,40.08846252857895,5.076161982762433,52.23970899378845,45.55177128271761,14.51296207646292,-12.151246465209496,9.327149433257944,5.818023363809711,0
196.44662920164316,42.15124506630329,17.664849610225573,21.69606916008616,83.31317490969013,45.69479194009103,20.45517590621713,23.553370798356838,19.26092373320517,0
209.09294236262696,42.4382024750462,7.680386714097402,19.16996260232193,55.22598417702823,43.300318651752825,23.268239872724266,10.907057637373043,18.375876901771058,0
216.28722046672743,42.58502554129221,12.145072617884079,35.875813960009744,52.534894415625054,35.63203368245958,6.709211581282467,3.712779533272567,15.173910644557255,0
218.8834985634993,44.382358001398714,3.900265567138951,13.383041169809008,89.82596219633271,92.05788988013293,30.999316831589706,1.1165014365006982,40.857462255133996,0
229.31008146326016,49.79441518086064,23.033897315087263,28.117808720220488,54.545025485083166,77.583555416505,21.67660646064015,9.310081463260161,38.6322776961676,0
222.6655150139988,53.745170741325225,20.437953600413696,47.16659940061191,32.48787763500067,15.75308477727449,6.578571340713317,2.6655150139987995,8.466522310571888,0
199.9698346193485,38.50234773151733,20.73095095116008,17.640512622772796,55.914859600440664,74.32187044914586,20.861835108744536,20.03016538065151,28.615665000897962,0
225.70296776508945,32.967991446108556,9.762569965728126,14.144284114090294,76.98117148639511,57.45692198159146,18.823707332018262,5.702967765089454,18.942393124088337,0
229.15878617925733,34.57955587756897,18.296669128972148,18.006550384338414,74.3802228828797,91.07811049614213,16.573005493230557,9.158786179257334,31.494406111247475,0
228.3968567189656,40.12797078805073,3.453027729354724,37.186876546775885,75.20072355759297,38.16510556135226,2.941094241274847,8.396856718965608,15.31488241088816,0
236.2117108833193,41.48078682183491,0.20685606220272668,38.9982137598865,69.56166487985382,61.67457996486246,2.4825730619484148,16.211710883319313,25.583101038486703,0
232.50883231823357,37.30003933802543,0.479350381872675,25.899289624171928,37.79524803466818,55.06797472668874,11.4007497138535,12.508832318233573,20.5403762357088,0
226.88770118842655,32.038833357501055,14.07844169770945,35.465699232008554,80.3458860088162,54.06048156048452,-3.4268658745074987,6.887701188426547,17.32034759942622,0
218.9475143281203,40.43879172525812,10.92947772595058,41.12204262009592,82.54104257633855,51.049485956549134,-0.6832508948377978,1.0524856718797082,20.643795302783797,0
195.08558599726013,46.814266201139716,12.432368373804474,44.2987713154386,33.59068876329843,28.506652797905314,2.5154948857011163,24.914414002739875,13.345180325846036,0
226.4442732869888,50.950294658355645,0.17911537001326572,28.029317750561216,29.131894558597573,78.01389302431535,22.92097690779443,6.444273286988789,39.74830837034303,0
223.11531530744668,39.42576946891679,10.144478871778217,11.588226258640105,88.29234780123784,50.62024294653598,27.837543210276685,3.1153153074466786,19.95742028870689,0
224.0736825579306,40.87002177856566,17.23363586882066,23.432968620722505,80.78267745552574,96.26646475023452,17.437053157843152,4.073682557930596,39.34412510887608,0
200.84877136269535,35.73301691152689,10.62464884721846,26.58556644051794,82.52653030469628,33.47275844734987,9.147450471008948,19.151228637304655,11.960826436746075,0
203.78415189387607,44.685608296252234,17.573260951493335,27.928489627372876,82.04634692370766,71.4469455664337,16.757118668879357,16.21584810612393,31.926502235453114,0
235.79729279999356,36.515713658091855,5.592455145524035,28.497124791930244,57.91807768236099,94.66453716751975,8.018588866161611,15.797292799993556,34.56743132784945,0
219.40667269215018,50.731278132412,19.515408107561413,38.951156783445356,65.24812156660599,69.71124907144832,11.780121348966645,0.5933273078498189,35.36540765601492,0
230.22251046058938,27.141335080658887,14.122349770882856,40.19542741350065,58.175399649354915,88.41456168556552,-13.054092332841766,10.222510460589376,23.99689244717519,0
220.42477564195693,41.40370327547538,5.0583143863177495,28.626610768601733,23.584444443323036,84.47328637813055,12.777092506873647,0.4247756419569271,34.975068839043736,0
220.44634209243617,48.01107339191742,5.68129142049199,38.78787900841455,72.18521597469409,42.410594394010346,9.223194383502872,0.4463420924361685,20.361781600456723,0
234.07425708963996,46.83834516322504,15.07273114966889,32.861290933048714,55.37324233351162,64.01115459455468,13.977054230176329,14.074257089639957,29.981765531963106,0
212.2593290767394,71.93033663980496,19.918550237098643,30.516047782900575,65.33963523531608,24.063520583022004,41.41428885690439,7.740670923260609,17.308971362756484,1
221.44181165411476,48.49800024567907,9.975066768699724,37.25235325687971,55.18478634828747,58.19732944260396,11.245646988799365,1.4418116541147583,28.224540976052726,0
213.06587066942436,34.959454031579895,6.199210299062213,30.578016385903325,54.42679256257192,30.73797746329035,4.38143764567657,6.934129330575644,10.745829101516378,0
213.48255658851528,44.04535752910927,20.80827856585441,46.4624894167821,32.025237663443676,76.93631334572011,-2.4171318876728307,6.51744341148472,33.88687428283823,0
215.3624181479704,27.237536665335483,16.06243900202004,18.49271066564353,39.50996005988043,57.525257970291214,8.744825999691955,4.637581852029598,15.668463231486891,0
223.3320065745057,44.194002507032394,10.754051694793837,25.87863280726386,31.119688436076906,47.01046263684945,18.315369699768535,3.332006574505698,20.77580503629677,0
212.81877067504783,36.669439429992416,11.709604686703244,28.9878488243684,33.69664069377397,34.191738655027976,7.681590605624017,7.18122932495217,12.537918896166786,0
238.8363418836028,54.15390275560162,4.902155230473514,33.515621523663924,88.10841662942134,99.88286336571582,20.638281231937697,18.836341883602813,54.09046869658018,0
206.58089046670744,39.504597254044654,15.043263121556254,40.14368389682471,30.71794120405389,16.453946879643944,-0.6390866427800574,13.419109533292556,6.5000654471977874,0
217.19692533757961,43.832340842047536,8.609820253029326,29.804811462110745,38.84892970136454,13.920461251517802,14.02752937993679,2.8030746624203857,6.101664022550438,0
213.40403412588736,38.64442158595597,23.89548424018438,18.622162803950342,61.34127604170095,29.55316604444781,20.022258782005625,6.595965874112636,11.420650078213999,0
241.704668265306,62.388513518533316,11.524404366285308,36.74011117164004,62.71250033656493,97.39652127650376,25.648402346893278,21.704668265305997,60.76424184317272,0
222.94832164767362,41.78757233882088,11.661254548550716,36.039670129135715,30.778189082068035,98.1314351487986,5.747902209685165,2.948321647673623,41.00674444992732,0
235.47766809202952,63.32557043479201,13.580442897856125,14.465130724964752,75.56021980496486,68.94349612949225,48.86043970982726,15.477668092029518,43.658862201689715,0
197.71659440444543,53.141517621182665,22.002144074849923,29.969566930633604,74.96420075389776,89.20960004857642,23.17195069054906,22.28340559555457,47.40733532960082,0
224.0057539880389,49.82066727335386,19.219634396634007,17.278865354557617,36.61223929427238,29.256555775671586,32.541801918796246,4.00575398803889,14.575811308640533,0
233.34446193435156,48.6873314731752,10.827121675148195,24.6827912199835,40.20664118728223,97.48378847589612,24.0045402531917,13.344461934351557,47.46225522786851,0
221.23425983913137,48.93797298216251,17.248782383347105,22.777528584297603,85.65915058216478,22.85063651256082,26.16044439786491,1.2342598391313686,11.182638322769176,0
235.98220562598027,25.7232742065439,14.06965197073828,36.474117585935886,77.79700121856347,19.101266936349244,-10.750843379391988,15.98220562598027,4.913471270961023,0
212.24067324849443,42.21116605849244,11.816809168829973,30.934641393377472,68.84579231437667,20.09903853225456,11.276524665114966,7.759326751505569,8.484038531010354,0
241.1402116027837,53.451579711843216,4.615578546824413,19.71527199395178,25.756325505742037,61.58151309453082,33.736307717891435,21.140211602783694,32.91629155948231,0
254.48347185428875,44.51102816525894,11.134470322917382,37.04052770365874,49.278485663180305,80.28769606462471,7.470500461600203,34.48347185428875,35.7368790085626,0
214.5574215934051,30.948101531964248,5.899646088541791,18.529553408572685,59.151131045377895,43.00004600871698,12.418548123391563,5.44257840659489,13.30769789756907,0
213.31746217898842,44.4759554942253,21.95621159643971,32.64091032376755,33.118790158864385,98.01063890075139,11.835045170457754,6.682537821011579,43.59116813710406,0
241.80076715676552,62.04105516255491,8.049763523912326,23.487914645667555,51.375860747575715,49.097812430649654,38.55314051688735,21.800767156765517,30.460800893707095,0
243.69358218596068,57.46891715534719,22.854336348800935,27.07458333975584,62.0718114242083,23.540369569589465,30.394333815591352,23.69358218596068,13.52839548600993,0
212.15709959270097,44.379959906339685,12.793326962273069,34.03416598430707,42.91636760807795,51.9370073367523,10.345793922032612,7.842900407299027,23.04962303260337,0
213.69719774356213,54.514492770580866,15.157065088227847,34.17159519247623,74.66613732653411,71.11334488801958,20.342897578104633,6.302802256437872,38.76707925789767,0
215.7732308670924,41.33492979631948,13.030570667743866,40.69575258844768,78.83147071471637,84.90032024539408,0.6391772078717963,4.226769132907606,35.09348777028406,0
199.83324233448585,27.96128413173281,3.1051348072008214,29.341970402628373,42.65266286038495,51.28914609609336,-1.3806862708955627,20.166757665514154,14.34110386866821,0
206.22022080273703,35.75534011870445,9.019709256190584,32.451606903706725,78.70600081447199,63.42461434442507,3.3037332149977274,13.779779197262968,22.6776865778258,0
204.937888498719,60.62888768508198,2.3795066946629744,26.4981014207654,27.25035962721105,34.0610240942968,34.130786264316576,15.06211150128101,20.650820042519918,0
208.48303652343807,42.26006918170696,14.95089706040116,31.45591906098238,78.64103690358594,68.13248737649626,10.804150120724579,11.516963476561926,28.79283630052508,0
219.4797266891983,42.56616020624982,10.724980684810534,33.51588838406809,30.69253021673316,98.73747495553093,9.050271822181728,0.5202733108017128,42.02875177317709,0
223.5132209880478,42.00161803725119,18.671639317702486,29.213521220364992,25.804900675680823,14.414821532901447,12.788096816886199,3.513220988047806,6.054458281000703,0
243.25750739221115,64.04136589573007,5.291291543984876,15.56999612726003,64.92427831087079,89.7877603634651,48.47136976847004,23.257507392211153,57.50130814394797,0
205.02468938891815,61.25958915362063,3.949585402304038,32.65176717064716,53.0356156028706,60.60542524907705,28.60782198297347,14.975310611081852,37.126634512389266,0
234.76483597714875,67.18780233448135,9.751973543130427,32.91649181884365,83.5523420288983,32.68887936060699,34.271310515637694,14.76483597714875,21.962939650161694,1
216.79016733661737,43.40954789599949,22.238049197241146,24.558612189216394,45.423243726359445,95.94007390083321,18.850935706783094,3.2098326633826275,41.6471523314395,0
219.2580443552135,47.95624488747095,17.050123560297884,19.724903711419884,40.10065844063401,53.5018872753009,28.231341176051068,0.7419556447864863,25.657496081161963,0
230.12229238249907,29.83357450579209,10.054166995030048,41.807033204031725,55.05144343009388,39.852122650604706,-11.973458698239636,10.122292382499069,11.8893127031078,0
203.1591696765655,59.769344261182745,12.414532074103453,33.931564087155216,51.91623300380629,26.334786544375703,25.83778017402753,16.84083032343449,15.740129230155544,0
225.73614619276077,33.32220448732065,2.02111226825036,28.167351752626324,44.10996323520318,32.00069892309959,5.154852734694323,5.736146192760771,10.663338332527061,0
222.49678312319585,47.16775563762629,23.629821513026712,20.903736934820103,68.561890908883,84.95641374322983,26.26401870280619,2.496783123195854,40.07203363289741,0
227.38676896012223,34.02697472367156,15.993775312678054,23.425481372629232,73.16932837397358,65.29690083854493,10.601493351042325,7.386768960122225,22.218559943672563,0
224.33752965861729,39.11133173261304,6.8496976431221395,40.420723174289854,79.70887783210956,92.19210575394844,-1.3093914416768158,4.337529658617285,36.057560312708205,0
256.8295020986634,36.627375689503,14.059401461165864,31.10129552694437,88.099962329724,30.877160694200725,5.526080162558628,36.8295020986634,11.309493649716451,0
210.43390023623027,38.92124739324182,2.6275767856558554,25.595303463994348,38.665933449275315,20.902471646401132,13.325943929247472,9.566099763769728,8.135502700798012,0
212.03504567497274,39.608772968510216,23.180080051382006,34.07751384979725,70.1265437742973,10.5478777878031,5.531259118712967,7.964954325027264,4.177884965966848,0
210.65289210362855,39.517312050749226,4.1948397092007825,23.484814500429408,47.59807648470216,55.70758338543944,16.032497550319817,9.347107896371455,22.014139562355435,0
211.66784321259618,53.33333911780307,15.55272763332514,42.00674424224303,67.39573803657757,99.84762373437893,11.32659487556004,8.332156787403818,53.25207176732434,0
210.43919309040223,33.9513720693748,5.890907100934331,40.8224042791738,53.31871832444542,72.5468741936775,-6.871032209799004,9.560806909597773,24.630659182196695,0
237.83524796661328,47.20541427013867,17.221473183564857,26.267407430377787,89.56411719375521,37.75551327686315,20.93800683976088,17.83524796661328,17.822646452160456,0
241.30756371984782,57.179591523055585,18.643712813766747,24.970638023753118,71.02314950535249,88.91727247235545,32.20895349930247,21.30756371984782,50.842533193135196,0
211.43880559375785,39.86803635486604,16.162073493874384,9.054934410461762,86.67439103040272,80.35500393891637,30.81310194440428,8.561194406242151,32.03596218332122,0
207.51466640343656,37.82081109252398,14.74798704612462,18.147353827589058,78.447868463683,11.387364946888534,19.673457264934925,12.485333596563436,4.306793784979006,0
227.07123334579606,42.69475374819749,21.41925825484828,19.284241800337952,83.20307078143597,83.51744324869202,23.41051194785954,7.07123334579606,35.65756673181965,0
211.71665433578542,56.797252083607106,1.887041063754193,31.081522727899088,77.00934380502724,37.04740815146464,25.715729355708017,8.283345664214579,21.041909798230176,0
229.49397726633265,46.94107630953358,7.9419543787246845,27.390130364469123,52.141139126313796,23.470611812524098,19.550945945064456,9.49397726633265,11.01735780123134,0
223.0438453127695,39.68785705392401,5.958899511140303,19.23731610067807,37.625191734281906,30.36977557633671,20.450540953245945,3.0438453127694913,12.053113118334041,0
197.2638382750415,49.838766511880394,23.712335089570118,27.750687660283543,45.92241228153655,52.17218239376251,22.08807885159685,22.736161724958492,26.001972167379666,0
243.2125780199509,33.977078501635766,9.345354712004964,34.04269718117879,21.416536284796532,48.23811343612099,-0.06561867954302159,23.21257801995091,16.38990166989894,0
246.93816509643284,51.81359510442948,17.58270478176957,34.2227147993247,56.6795217225267,35.999856943680406,17.590880305104783,26.93816509643284,18.652820114972407,0
210.8081696427342,49.08607307701767,16.43340393314411,14.80263775312895,55.35404601892861,25.499648998632942,34.283435323888725,9.191830357265786,12.51677634185197,0
214.18447660096024,41.92191528861116,5.089949699457065,28.973892156129352,56.767532538134176,78.60077106779524,12.948023132481808,5.815523399039762,32.95094866323631,0
224.28798086087357,36.61414201552769,5.735944325077232,18.93327378422712,88.18218574804447,99.10988053614254,17.680868231300572,4.287980860873574,36.288232410923065,0
225.01685184980536,36.133190777165424,6.7508295252728185,37.21382957712219,83.80178024183874,80.00124223777213,-1.0806387999567661,5.016851849805363,28.90700148187645,0
229.87816409009247,50.348173363459104,9.867054678225102,36.273171330827985,31.31989448310756,36.63432709043871,14.075002032631119,9.878164090092469,18.444714514030746,0
250.15306808149523,57.28980502489062,5.623801575612643,22.81578218940433,45.821776508912244,32.032806527092006,34.47402283548629,30.153068081495235,18.351532403371447,0
217.34579158758925,38.626922529712054,0.4716355859243473,23.871638380796803,49.676932562428334,29.58992884593444,14.755284148915251,2.6542084124107532,11.429678891916017,0
208.0255413319232,49.58386703551484,21.10543336337269,26.309863596013543,45.23730424961534,22.302556704013266,23.2740034395013,11.974458668076807,11.058470061638241,0
199.3102115797821,24.129729813979313,23.17463595314122,11.977652842149286,75.89471745227391,59.61974947230711,12.152076971830027,20.689788420217894,14.386084463439063,0
209.0360494008712,39.153822693428005,8.19768928875763,32.687745387524615,56.68263689073108,64.48603347580098,6.46607730590339,10.963950599128793,25.248747209139744,0
219.50309540689304,44.68941067129098,8.124165106211349,27.817243629278956,60.04698718801375,73.49523945968235,16.872167042012023,0.49690459310696156,32.84458938598614,0
246.9183679527668,35.90316583018166,0.17020350658490369,37.761400660542876,79.71094912915478,71.21920338403012,-1.8582348303612122,26.9183679527668,25.56994869390269,0
212.23583051445743,35.63493625210404,16.326016519928977,21.21272625629958,76.4149707390751,36.30999801550442,14.422209995804462,7.764169485542567,12.939044645965241,0
223.35681927458347,38.322204435311136,19.81055749796709,25.047016414000545,29.25480659742098,39.72799048571619,13.27518802131059,3.356819274583472,15.224641731977117,0
219.75365655890872,47.921927283263734,3.518599208640076,17.947797935687078,69.9740208858544,71.33630818981041,29.974129347576657,0.24634344109128392,34.18573373728586,0
237.82589910172126,43.12670981593625,3.8319923848116177,21.965675492045975,50.48052902314249,41.45028767052655,21.161034323890277,17.825899101721262,17.87614528153879,0
257.90398638810433,22.617687666750278,18.961997999314505,20.54414403145425,40.62542321437503,29.136087065738174,2.07354363529603,37.90398638810433,6.589909170841086,0
212.0369684061952,23.792998473649337,14.790977960499472,37.96778943077157,23.501317463153043,43.69025383270656,-14.17479095712223,7.9630315938048,10.395221427549393,0
212.65840836222668,38.931348221428244,1.0766533830652083,24.41390520998886,54.10746922418157,34.487574182017994,14.517443011439383,7.34159163777332,13.426477597924809,0
235.66241315603608,49.57686586053552,14.94112777109476,30.99340547795691,44.8805676507172,17.948144909672003,18.58346038257861,15.66241315603608,8.898127726322622,0
230.22837234439467,17.524951572747653,7.4140253482503855,26.953892769105565,37.60591277734805,84.71250120489881,-9.428941196357911,10.228372344394671,14.84582481222179,0
247.7006098860405,40.002698238483696,8.849403731300303,19.844277871897496,68.62702107178703,86.78002502413327,20.1584203665862,27.700609886040496,34.71435154168467,0
228.75892277988945,39.73752143482579,18.473554039125126,28.65359661462686,73.86397711209109,29.777527015019153,11.083924820198927,8.758922779889446,11.832851180354275,0
214.6106186381941,58.88337778208448,19.462444624142655,34.79282665490876,37.135266332059736,15.829497957268156,24.090551127175722,5.389381361805903,9.320943083185554,0
228.85982246038463,41.149781882871366,9.608559044155935,20.33792485965318,23.46132056755431,76.49446936160615,20.811857023218185,8.859822460384635,31.477307294760795,0
236.6305537087436,48.829889847409284,22.731670464152515,36.47290232585103,79.41268903956646,29.03757632770723,12.356987521558253,16.630553708743605,14.179016535176835,0
232.30723271796046,46.41257140087463,9.755105230849733,23.20223262817843,20.697181884301234,45.40919404931742,23.210338772696204,12.30723271796046,21.075574610701164,0
227.60911046660948,23.694335201927995,18.524064845522638,26.136128591417275,85.59787457450304,15.772172701364493,-2.4417933894892805,7.609110466609479,3.737111468488285,0
236.0001203438373,52.682072166317376,11.613054349542217,34.245464984080385,63.933391178789414,30.364262628259166,18.43660718223699,16.000120343837295,15.996522750589632,0
237.5394338566851,47.15396505456288,21.540775836530017,24.692510742244096,42.52926446409242,81.36120504966722,22.461454312318786,17.539433856685093,38.36503419709133,0
240.7323848655629,50.0826863967459,21.786269847604288,30.300598874686926,37.253453670371535,82.39568022236817,19.782087522058973,20.732384865562892,41.26597013023424,0
229.73064831384465,84.26237706436326,2.0980033889060126,27.48247336969526,20.630396498513267,28.637634239893938,56.77990369466801,9.730648313844654,24.13075134553263,1
217.49322879524718,24.158870605014116,22.475839951445415,31.034944053630547,36.482999190761404,40.23224605960206,-6.876073448616431,2.5067712047528232,9.719656267030153,0
222.20070529649985,62.24696649761108,19.812836196489975,10.954087155812022,29.640981106199877,22.081457718436923,51.292879341799065,2.200705296499848,13.745037588179589,0
238.09763449762536,42.12552480599644,18.991457143504004,15.362545478335337,62.85163545062019,16.675536725643013,26.762979327661107,18.097634497625364,7.024657359893795,0
207.74596493519147,47.873289044030095,4.8218721524525385,34.927736048374705,31.65819120156609,99.29545430035685,12.94555299565539,12.254035064808534,47.53599984479265,0
225.53009963309353,44.54487754698758,19.322861010111957,38.297451245192406,57.00408862756335,69.00345561203554,6.247426301795173,5.530099633093528,30.737504805571156,0
214.09991781508958,40.757636666019565,20.403185632440884,22.71610637174783,61.30814956411296,58.78868582784869,18.041530294271734,5.900082184910417,23.960878970442305,0
220.43117234402226,39.30167071761241,6.939608026899623,28.047773182630927,40.862918884284014,78.89486503647696,11.253897534981483,0.4311723440222579,31.007000069740897,0
239.17677793910948,48.29508735573009,22.85424188069577,32.35775402321841,22.45454643131031,85.60694437189517,15.937333332511677,19.176777939109485,41.343948566978035,0
222.86648602029854,29.828263033283207,1.196643513579942,35.54574081326963,22.607771642993725,82.60432912402548,-5.7174777799864245,2.866486020298538,24.63943656799329,0
220.69654822234224,52.50579167521766,3.597822077931352,13.77858182663321,21.84431325357423,11.488550436088895,38.72720984858445,0.6965482223422441,6.032154358475145,0
199.6021578853012,40.83805595114746,12.901947313236343,22.911678024172982,71.73872669955824,26.812710837144863,17.926377926974478,20.39784211469879,10.949789853692598,0
231.1938034904083,33.69930660959642,13.819019306935433,27.339364961201,42.260679337000866,68.94147719060479,6.35994164839542,11.1938034904083,23.232799779646886,0
229.68226271711615,40.49987142004186,15.483601999221682,35.62512157788839,75.74101301773645,43.818341302356664,4.87474984215347,9.682262717116146,17.746371885849545,0
252.44882084958192,57.571492168625724,0.407259103571195,49.98744386977196,50.22129766899944,98.42343859549963,7.584048298853766,32.44882084958192,56.66384224310022,0
215.383326475705,39.64664912983777,23.048802590931125,28.175954185522258,51.70986705809747,69.88643133744287,11.470694944315511,4.61667352429501,27.707628221720967,0
223.28725491495908,48.5845361820962,1.0701142256194558,18.74418030316809,55.901782175670164,96.08940178562858,29.84035587892811,3.287254914959078,46.68459017769851,0
223.74075525566133,37.69043724284526,3.4334868653616573,33.218144617610385,69.91220194625727,28.130183348121445,4.4722926252348785,3.740755255661327,10.602389101121021,0
243.6617991964521,52.5792184992362,0.3363484206253675,40.56796631632568,39.14520060807949,87.75613253035208,12.011252182910518,23.661799196452108,46.14148866961312,0
218.57056701419572,51.85507738790204,13.604602399058273,30.864112967836007,28.511114467346882,38.92170752337028,20.990964420066035,1.429432985804283,20.18288155693655,0
224.1853228865551,63.486088332964115,22.374405214103334,22.746811638765656,58.924013463402304,99.0608327414026,40.73927669419846,4.185322886555099,62.8898477775767,0
229.1184476457481,43.244360545007844,15.982731985931142,37.663951531840155,42.88843362699175,24.191980486583255,5.580409013167689,9.118447645748091,10.461667264596006,0
222.79913684734538,51.686548047579066,19.743779243530255,35.30836494798748,50.97439195676262,56.47058369544939,16.37818309959159,2.7991368473453804,29.1876953744968,0
213.30349578174207,45.98067539538945,0.31874888300592197,21.791353246435005,65.28626958361139,81.35600804534097,24.189322148954442,6.696504218257928,37.40804197397515,0
222.9113498934746,57.95871781863014,13.008367163513427,33.051404940274736,54.58880187988894,48.93782325436323,24.907312878355405,2.9113498934746076,28.36373488657635,0
236.10447624789657,37.8116761239127,11.029511460132525,37.97812454127098,63.419517197059,52.1275654168882,-0.16644841735828209,16.10447624789657,19.71030620671449,0
204.6022705088341,52.45005312877281,11.975230661299033,39.45512034047115,58.09400014795395,98.77202159551669,12.99493278830166,15.397729491165904,51.805977803211455,0
221.99454511220313,43.053027038833186,1.7331164480445107,29.46840819752435,71.78574603552694,48.2777335271038,13.584618841308835,1.9945451122031272,20.785025669159833,0
209.4981877759124,44.358118228915025,16.42644866566338,27.13536443056545,69.4155632398134,64.36648905391573,17.222753798349576,10.501812224087587,28.551763314337585,0
237.92569943387264,45.91752484448373,12.077289956607228,39.8181905766501,57.393292426603345,14.908569460763562,6.099334267833626,17.925699433872637,6.845646086103223,0
197.15219642824337,47.52240396426677,18.363572396670335,20.31871597615292,67.52321146017948,85.7989072189234,27.203687988113852,22.84780357175663,40.773703285503224,0
211.6161722909262,43.83770956878042,11.646975217481168,33.50863432736804,81.1491721590829,68.33512440815892,10.329075241412376,8.383827709073813,29.956553371513486,0
225.65817812596782,47.147131831705266,3.58515926943437,19.039786981084568,50.2589901451718,46.36180925765322,28.1073448506207,5.658178125967822,21.8582633302695,0
243.4828604385151,60.781180575621846,15.558166897867729,38.523010178076824,48.89341509241555,11.455258595906777,22.258170397545022,23.482860438515104,6.962641412582542,0
219.01374608390518,54.85449685615218,4.137272690523989,27.93563587511071,73.49719345966662,63.250193853415354,26.918860981041473,0.9862539160948245,34.69557559883188,0
211.672007099602,53.69154592496896,20.937469520515556,40.14866588517975,60.778768592939585,11.139204563574598,13.54288003978921,8.327992900397987,5.980811133927894,0
248.21735604160887,40.444604739761296,14.714789737661796,33.93130205084422,24.9704746155812,10.108325251811612,6.513302688917079,28.217356041608866,4.088272193904687,0
198.27979149375633,36.10759171771676,3.772893205366902,20.21423815950456,82.44784109837569,65.44887059344191,15.893353558212198,21.720208506243665,23.63201097773679,0
187.01791065069878,54.55300558237753,23.096113379548964,41.39702185661795,22.15481715663481,27.011536060109883,13.155983725759583,32.98208934930122,14.735604774757665,1
226.60021675079997,53.760467925297945,12.440771120047696,42.409962131421835,72.38774493468202,27.269879474628578,11.35050579387611,6.600216750799973,14.660414808225106,0
212.46918663471084,59.72670675750982,1.74956284491972,37.05829194079372,73.1155899893019,68.79444092494694,22.668414816716094,7.530813365289163,41.08865399671138,0
204.6815077430393,38.9601937403077,15.043989705961614,23.90729707971024,86.71777596973513,14.832746914543685,15.052896660597462,15.318492256960695,5.778866934915733,0
230.6253467094903,42.70451344639653,6.076773768307445,27.55188836514073,23.789408588162452,38.206500532710066,15.152625081255803,10.625346709490287,16.315900157388732,0
223.65701070656797,28.60515837474566,19.288642845055257,31.163417739246075,61.77998025491437,23.448871192781716,-2.5582593645004152,3.6570107065679736,6.707586741785321,0
211.53882053894907,41.07528893939127,19.627729765588576,24.370316805348534,49.9488399438937,62.21587328168805,16.704972134042738,8.461179461050932,25.5553497166189,0
200.79543401993658,54.96570510579447,23.494736540511884,43.538772579705636,43.14430684016794,69.55886392546563,11.426932526088834,19.20456598006342,38.23352002021229,0
233.08685992420217,40.33504620771802,12.04486874458809,31.154611773808295,26.322299220935115,74.90222682391392,9.180434433909728,13.086859924202173,30.211847800035443,0
229.75301766937991,51.40479795200824,10.918965113465692,8.373215623141142,59.38578837699164,32.97080952267089,43.031582328867096,9.753017669379915,16.948578018270464,0
218.51236204330925,43.094968940021886,18.083414530715537,32.71484650204976,53.532850797222956,18.03247764729256,10.380122437972126,1.4876379566907474,7.771090641217118,0
247.699554940715,48.24057028221561,3.1792957522062375,27.214740825461494,27.3188120705717,17.081529124770803,21.025829456754114,27.69955494071499,8.240227062712188,0
203.9487285051077,33.523086101843326,13.12597233103498,29.400587551052418,62.874265496795836,48.35363936056514,4.122498550790908,16.05127149489229,16.209632156217054,0
197.1171224361289,45.852094496339014,13.109942403140423,27.051045073714402,71.65671841770569,95.12599681564436,18.80104942262461,22.88287756387109,43.61726195049369,0
209.62137895178134,15.088640290992767,2.1473549474492932,36.4563713328535,73.70948107375537,29.595613082232216,-21.367731041860733,10.378621048218662,4.465575599892016,0
219.31620975466754,43.13103841838015,10.031618052165925,38.957502228427046,83.37612317836991,33.106744120739435,4.173536189953104,0.6837902453324602,14.279282525790938,0
223.65009173984038,28.6952675628486,20.478835165612846,32.26442529806923,48.662951932214405,19.079992189527303,-3.569157735220628,3.650091739840377,5.475054809755474,0
216.38145913215504,57.059945165468164,20.547686927871847,27.285510502894727,86.71509380354959,64.50132465045372,29.774434662573437,3.618540867844956,36.804420476549495,0
225.28083094771446,52.774073527645115,2.381703958072344,29.669302361526636,80.58005835578803,71.18855865524574,23.10477116611848,5.280830947714463,37.569102287990155,0
201.22690863714334,49.66670981966081,2.1773011859479405,30.156796932621027,40.755109971675736,67.86380873446839,19.509912887039782,18.77309136285666,33.70572095671804,0
241.6564690610989,60.2100622715938,6.304691448046447,23.580559681081304,31.149812614462093,87.50172187403031,36.629502590512494,21.656469061098903,52.684841229070464,0
218.76773232411148,35.51083479175163,20.994385501295845,34.63142918856988,50.477257728960936,53.778325152346454,0.8794056031817448,1.2322676758885223,19.097132198620763,0
236.75943747382192,62.473631979155584,3.0936620417639746,33.68033859088373,48.13290955691767,22.1011336690358,28.793293388271856,16.75943747382192,13.80738091161467,0
225.14088019566557,54.32191564260385,17.27992326305871,42.32352991821339,60.3003513731843,36.04646176339714,11.99838572439046,5.140880195665574,19.581128551256043,0
226.85129828730675,42.63444712781054,2.4279748707144773,40.042798242307796,60.83703626294236,69.61869760792166,2.5916488855027424,6.851298287306747,29.68154682271966,0
228.54650920348305,56.35620147182944,14.955308489947809,24.51460065927896,72.49908890659827,65.18097763674038,31.841600812550485,8.546509203483055,36.733523078269506,0
226.71562840025973,33.93706487588366,8.545615178859475,36.562386996071716,55.69229637439271,57.79028167686663,-2.625322120188059,6.715628400259732,19.612325384634133,0
229.64084139801315,36.75485838472326,18.93393511118081,22.392372935244225,27.337584865853586,71.46679768198184,14.362485449479038,9.640841398013151,26.267520280109114,0
239.93728795198646,38.914102767603,5.6085707718087265,35.567456807526796,80.08039348871742,67.36517653359695,3.346645960076202,19.937287951986463,26.214554025861098,0
222.94781754552204,39.71022291935985,15.340843905359037,25.86708640991914,41.6835208229631,89.31924005184565,13.843136509440711,2.9478175455220423,35.468869334466056,0
230.6350563638277,34.43442357239747,5.656380829821239,21.813974212995326,87.99082222146144,62.741473973046695,12.620449359402144,10.635056363827687,21.604664903444412,0
218.6539645856916,57.23083067095325,17.127846794691692,32.24036274157923,28.25020760758391,80.07412228305009,24.99046792937402,1.3460354143084032,45.82708533506444,0
241.60175823174208,42.41145599630168,20.96827282945797,8.603462974766874,87.07758205627522,32.383644036982105,33.80799302153481,21.60175823174208,13.73437494074364,0
209.85411546911095,48.525049683568795,3.043243179042241,15.992195404758176,26.370826481776188,71.03643261301612,32.53285427881062,10.145884530889049,34.470464218900936,0
247.01410649366224,39.29648633586319,20.798296526292084,28.580064929805733,36.17252965629416,91.19747065444082,10.71642140605746,27.01410649366224,35.83740159437518,0
219.39763074033485,26.79396699451483,14.24580610594315,30.65953413307874,23.26059594605791,44.71590951098499,-3.865567138563911,0.6023692596651529,11.981166035670435,0
198.53837346822928,47.70057358391422,3.0506517808085754,27.045449838734488,69.35792026472964,80.1193768604782,20.655123745179733,21.46162653177072,38.21740231430594,0
221.92156622366184,25.87745024580223,10.261004528633087,17.364509610259212,79.52091156002543,75.23103710758919,8.512940635543018,1.9215662236618414,19.467874196917407,0
209.78422513787677,44.31365953914531,3.8606470436423495,23.456865262891956,50.38497572711863,15.357357718464023,20.856794276253357,10.215774862123226,6.8054072135688015,0
232.60965323483086,31.316849611671895,16.80834933279767,33.12967461789915,84.99654525297008,62.33574786616651,-1.8128250062272535,12.609653234830859,19.521592413558338,0
210.21064031046413,64.87275999230808,18.21283522603079,34.6542541650269,61.32093502289197,21.717041428072214,30.218505827281177,9.789359689535871,14.088444163063402,0
213.3072485017783,54.113627221747215,2.539116486547175,29.87021505923247,64.10049948125663,97.0587255007532,24.243412162514744,6.692751498221696,52.52199690365649,0
191.65688903581704,46.05753791271481,12.147356464671464,39.25467024829591,79.1793441190539,83.02667524305906,6.802867664418898,28.343110964182955,38.24004242773853,0
213.21540521126386,57.63706677654669,19.551001344622012,33.179176187673875,40.776014353628725,19.87514211224081,24.457890588872814,6.784594788736143,11.455448931165789,0
183.64181010056564,36.536840225342644,22.467912997223916,24.0203547683343,44.7986004929338,20.957679788291056,12.516485457008343,36.358189899434365,7.657273979186832,1
196.24145764771416,50.43479378670093,12.32442880180248,27.75598357270706,83.4166343436251,63.502646942135705,22.67881021399387,23.758542352285843,32.02742903436288,0
231.40621984216446,46.99810433718714,22.80670136667377,18.777070742337163,83.06744472271347,41.0400256755865,28.221033594849974,11.406219842164461,19.288034087020534,0
231.78700237976247,47.6402008133367,12.856535290944716,29.134888076868666,88.35379433406096,13.141527316579836,18.50531273646803,11.78700237976247,6.260650003558132,0
226.38186342677446,57.723535001067674,9.460571870397791,38.89680495377071,83.12868215091697,58.74773570497478,18.826730047296962,6.3818634267744585,33.91126978199585,0
205.49535785306182,52.32492102779802,20.356875085269493,35.482320677687746,28.91604252233526,44.906058971726225,16.842600350110274,14.504642146938181,23.497059893652153,0
219.2843296578703,47.887236628250236,11.831585050994137,41.21607460735298,77.66070002958912,19.09688431345684,6.671162020897256,0.7156703421296982,9.144970179808277,0
219.94596191364147,28.451125637717038,11.325660253548552,27.576918049608054,48.688693467671584,82.17283530303844,0.8742075881089839,0.054038086358531245,23.379096612141765,0
202.62452966211185,35.399537047205364,11.76749974583588,40.76879835611406,89.35609491621565,92.35690887509254,-5.369261308908698,17.375470337888146,32.69391817289208,0
242.55097452650728,43.77291066404276,20.32284004487389,28.45356618841624,53.05966750301607,78.0934540612717,15.319344475626522,22.550974526507275,34.18377788070573,0
233.16043435863506,45.93372374276651,19.96659700051325,41.77268066055915,58.76852577515544,84.01800790146496,4.161043082207357,13.160434358635058,38.59259964363465,0
216.68553739255503,33.69796275326076,9.68447981856507,29.82514602046301,57.084244067975895,29.484151053950562,3.8728167327977516,3.314462607444966,9.935558240275402,0
220.40328758491796,69.11676675578421,7.9991966368926,35.65785099043421,42.521592090079444,33.72156558267409,33.45891576535,0.4032875849179618,23.307255830175656,1
223.1257421192133,60.16394055253573,11.806272576939103,41.80089891447884,25.251546222504274,28.767478626926895,18.363041638056885,3.1257421192132995,17.307648739567718,0
189.37397697363565,51.021183203924835,13.746540233690617,28.452578971350356,82.6955861281343,78.85570882290075,22.56860423257448,30.62602302636435,40.233115665285716,0
216.29233926219104,45.72036861283745,5.720093055071927,31.747111900353392,76.18730687684007,95.31253710410473,13.973256712484055,3.7076607378089648,43.57724329824415,0
209.77023628003303,42.87791030098848,19.054922033174176,40.31090740165042,29.766874639176848,74.51534860605123,2.567002899338064,10.229763719966968,31.95062433577152,0
204.97569985157628,35.48081539977764,11.67558637757815,28.93597468855949,74.3737789945051,89.33200883916004,6.54484071121815,15.02430014842372,31.69572514913542,0
215.7834956067107,45.774805185188626,8.01709316207903,19.43286173995071,63.8092666235427,67.48291853948552,26.341943445237916,4.216504393289313,30.890174494729035,0
246.96529790274283,47.57752540142751,2.5637038311357747,47.14405643667928,48.64006515423356,44.88939105029191,0.43346896474822927,26.965297902742833,21.357261429498763,0
229.61264291900514,32.58239424518376,5.732283849686566,26.241884285302906,37.78148043668939,48.318545343727465,6.340509959880851,9.61264291900514,15.74333893743116,0
211.43231515325806,48.341764172448976,22.78274812214361,31.270048407500344,80.18101484515627,16.778928895066436,17.07171576494863,8.56768484674194,8.111230237115915,0
228.58874172034237,43.44740951175251,7.322392483668638,39.24805335560902,69.01317815058371,12.831147572142347,4.1993561561434944,8.58874172034237,5.574801230725975,0
240.99033154879004,25.92192442122609,4.0526229448088475,25.132048770150384,58.34179366283958,72.59280437701696,0.7898756510757075,20.99033154879004,18.817451885858844,0
233.86950524369152,36.39614989220498,11.056146999719836,21.93705669422296,62.66979737289249,49.458600281006255,14.459093197982021,13.86950524369152,18.00102629286155,0
220.89445554880263,40.863944665783556,7.3701058406459685,32.029898374198666,26.37463274575267,59.699356124916655,8.83404629158489,0.8944555488026253,24.395511852715007,0
210.29594833441638,63.8768765734019,0.8438220065086597,15.655388816700883,53.17438326378343,60.18951228601747,48.221487756701016,9.70405166558362,38.44718047307195,0
230.47334970420386,50.56553124533758,7.755485214706014,27.696751385056636,33.55902049499914,34.96382319999712,22.868779860280945,10.473349704203855,17.679642944759134,0
225.90228078132625,31.64518430900109,13.058606974547246,31.960309314523247,34.58685753061778,52.83032597465416,-0.31512500552215883,5.9022807813262546,16.718254025725386,0
233.427898300416,49.86036289417637,13.241096928479205,27.840384825398687,66.29127736008067,52.368419950093205,22.019978068777682,13.42789830041599,26.111084229062726,0
229.52757702522953,29.526960110616344,8.557414108245329,17.652392454514022,83.78793062840018,44.95844991050713,11.874567656102322,9.527577025229533,13.274863571426868,0
235.74329072979003,55.826910538870735,10.735266150062415,42.7534236496321,48.26296273348426,83.86078450609634,13.073486889238637,15.743290729790033,46.81688514341357,0
211.97147182659148,40.28875348182122,23.172430037634392,30.828305231593404,34.542449110853326,50.60476033188363,9.460448250227813,8.028528173408517,20.388027140179048,0
239.76091098451488,44.06363811260829,9.056363453527478,41.449216942093926,65.4122856065658,64.32800720553891,2.614421170514362,19.76091098451488,28.34526030010125,0
222.963994070386,58.2579664754219,6.1974435182395915,27.919709998556442,80.98309324452225,90.59681083427435,30.33825647686546,2.9639940703860077,52.77985968363295,0
251.12891308937898,32.1283643141575,5.843209057602243,22.95990414647389,72.38231607857435,87.96102605730302,9.168460167683612,31.128913089378983,28.260438906161323,0
209.6621827286565,31.028818148870087,10.98635070489922,32.15344736204128,80.8130061375611,90.13799834012487,-1.1246292131711897,10.33781727134351,27.96875558798888,0
246.03945704747875,39.16400673653995,18.22848356920666,28.273702989374243,57.55882697075595,34.30044968185126,10.89030374716571,26.03945704747875,13.433430424063724,0
222.96866175193972,55.38378851019317,4.943716420523357,20.577908336069136,72.63133710584336,13.148423947725654,34.805880174124034,2.9686617519397203,7.282095311631967,0
210.22872994578327,29.806539245231576,17.02310705137843,41.75827407029996,29.804519155125554,33.49601199057963,-11.951734825068385,9.771270054216728,9.984001959559592,0
212.74171248918518,16.67844401889431,0.5075957603859909,25.021838216848032,44.379223075423404,35.08366110586378,-8.343394197953721,7.258287510814824,5.851408777320088,0
215.19479037708518,40.488411415910015,10.054391471614704,15.277868921635452,47.26844151370657,91.84242940524712,25.210542494274563,4.805209622914816,37.185540671963174,0
226.36248919602875,50.5174079991092,18.620761564866886,40.62532843165866,55.79070223722242,68.43184595541736,9.892079567450544,6.362489196028747,34.569994822620096,0
227.84253232053248,57.00261749738829,8.129590938586354,25.965615873499015,85.03534521797766,17.35335636420059,31.037001623889278,7.842532320532484,9.89186735124395,0
211.39449994092132,40.36838637914601,13.529690434689588,25.137408859075006,81.2007592155522,22.184073640999102,15.230977520071004,8.605500059078679,8.955352562032802,0
219.63468111608526,40.885733928839976,4.919501587821859,15.876899303760208,29.416784460242916,24.010851298777787,25.008834625079768,0.365318883914739,9.817012776067704,0
252.13405537917794,56.53900734255747,17.807889387028133,43.927531892775924,32.095275631772424,66.73795733520308,12.611475449781544,32.13405537917794,37.73297859802334,0
245.91314755151066,26.302583003045793,1.2546984784502309,19.6841553023225,45.03483847122379,76.18726229563028,6.6184277007232915,25.91314755151066,20.039217903056365,0
226.54485504511047,41.114792248169906,20.46102347701201,30.4675958456452,40.35207061234718,87.36795195088565,10.647196402524706,6.544855045110467,35.92115193608755,0
220.570052172523,46.90423889925058,4.7567132741200355,37.30096258032352,63.03396672093836,94.65728957256188,9.603276318927058,0.5700521725229919,44.398281236669824,0
221.80046990077392,49.49218721285034,20.985552760999937,33.373735464024776,83.19432334351814,28.15341016477976,16.118451748825564,1.800469900773919,13.933738465554436,0
229.20276959095625,39.901933068091175,8.460701791212415,29.522765504062466,87.36040791708108,37.87952362516442,10.379167564028709,9.202769590956251,15.114662163424889,0
204.65811152202392,45.344410117058416,17.34440578738768,16.38667313370067,65.75220667746586,31.62905926703476,28.957736983357748,15.341888477976084,14.342010350211712,0
216.1393519386498,20.116726465870105,7.661407146868523,23.52220131386173,78.67114409807607,42.288541071952395,-3.4054748479916235,3.86064806135019,8.507070133851798,0
194.97123889183615,38.41751587666152,21.74188010963154,31.502402704340177,56.7641540161558,92.31985966813744,6.915113172321341,25.02876110816385,35.46699674531833,0
225.98834683907918,49.53508712554468,3.0392910124409847,23.70260744010403,34.58288628020278,61.76013102454254,25.83247968544065,5.988346839079185,30.592934711857698,0
229.70793909554112,35.177059657453206,4.284474942542369,31.626875679990142,56.72818884654342,76.43727075920492,3.550183977463064,9.707939095541121,26.888384335494553,0
212.75220306550938,45.58984221589597,11.832723003811255,35.453947270521134,58.85578210063558,54.11073125141038,10.135894945374837,7.247796934490623,24.668996999385502,0
243.6098014493505,49.46872500802698,1.966522536915507,37.70002308640081,71.97202949494897,12.597212200251207,11.768701921626167,23.6098014493505,6.231680262019894,0
201.6135150549649,41.57450799142235,4.703524432842286,20.19056513749853,35.39180927951443,15.77759373980329,21.38394285392382,18.386484945035107,6.559456970208671,0
198.0343767968527,46.70463770996571,22.650393173088347,47.57316843983163,45.78172674607122,58.41307281410972,-0.868530729865924,21.965623203147288,27.281614033088417,0
223.36677727839958,35.372674347153875,23.435751867549293,36.139834756433046,45.48192284501964,74.69101313380231,-0.7671604092791711,3.3667772783995815,26.420208842409824,0
235.70647453918232,42.93388720303953,9.030223903930127,29.98628677064749,87.16077170188154,29.379747477585834,12.947600432392044,15.706474539182324,12.613867642564554,0
245.25891537186803,51.10216169589223,22.158864504334456,38.71629266461312,51.076147222870325,74.97186165930736,12.385869031279107,25.258915371868028,38.31224197155988,0
213.1167360569659,46.569729609684344,13.075792216162363,48.92326217599979,72.85657771087025,82.95991961351612,-2.353532566315444,6.883263943034109,38.634210248425944,0
236.18021250146944,39.13468730436065,6.473819180970409,18.490239191545044,72.55679669621074,47.070773052590006,20.644448112815603,16.18021250146944,18.420999845876352,0
219.4223729574894,47.24216404290793,16.85756930593437,28.19789886006917,38.5880929362269,77.17773095596945,19.04426518283876,0.5776270425106134,36.460430262813226,0
217.4105905008877,52.14609790636618,15.813643357796572,10.972546721013373,60.030878256021246,46.36269552956139,41.17355118535281,2.5894094991122927,24.17633660287554,0
233.2548990623001,24.50058721422522,23.7390076586096,31.541212261184196,82.60120253230536,71.0515566509518,-7.040625046958976,13.254899062300098,17.408048604331086,0
229.7848431762013,56.59074064955898,6.361134897822799,32.923153935401125,53.26384036198646,78.75973443875887,23.667586714157856,9.784843176201292,44.57071705251942,0
196.35411764523627,41.63745261318928,16.12942806388165,29.686703076457924,86.15822551397822,99.27339564772997,11.950749536731358,23.645882354763728,41.334913070327474,0
242.14810524588844,49.2548993324023,1.2485701207067255,24.763731432013522,35.01207605269131,41.085699585723646,24.49116790038878,22.148105245888445,20.236719970961413,0
240.70137031221176,56.97246923645228,2.727504928721266,13.603883870493398,25.19113740418215,46.99367025171503,43.36858536595888,20.701370312211765,26.773454327238174,0
210.61655947735707,31.28326302769534,0.09404099882623829,32.98826946729415,82.40177112013245,24.90580534691542,-1.7050064395988116,9.383440522642928,7.791348595841361,0
225.93705300156114,37.90558997572453,23.987056345432155,41.6434758713226,79.33768385735516,28.36657525616262,-3.737885895598069,5.937053001561139,10.752517706756333,0
227.41045279424108,42.11451304124295,19.254568731539464,25.271852354132545,89.48129131536913,72.405550233854,16.842660687110406,7.410452794241081,30.49324489582016,0
223.9101064873586,37.16246478875571,18.881352353604978,33.52047943218516,67.55754416786982,92.53410311390284,3.641985356570551,3.910106487358604,34.38795348729505,0
211.7454226923187,62.34936575836808,12.233425806916312,17.454845492639596,85.56815486670047,45.51444564951165,44.89452026572849,8.254577307681302,28.37796819090767,0
209.92564948092922,36.432279061732075,7.201609989730558,33.65770450954011,77.88643175588776,26.18600021519871,2.7745745521919645,10.074350519070776,9.540156673506957,0
219.6166889351283,39.44453220513133,3.630342827104222,26.852941618042742,79.10984331840608,35.658954944469464,12.59159058708859,0.3833110648716911,14.06550796708453,0
237.59093528889048,47.04389031602977,6.832193732315128,23.900656395176686,59.83990993179878,50.95465343273248,23.14323392085308,17.590935288890478,23.971051271807763,0
228.1540023189165,32.97850473923911,9.023309326299339,23.917090870270954,46.76552185416976,36.15852964288315,9.06141386896816,8.154002318916497,11.9245424119174,0
214.44078501870843,41.04319288243736,18.151442327527057,26.85110734373592,85.41906507802973,31.022117480967964,14.192085538701441,5.559214981291575,12.732467513929999,0
231.57548065972517,48.17453261250175,12.951882933675659,33.05946652554028,50.24820229311261,76.23860398813716,15.11506608696147,11.575480659725173,36.72759114158119,0
177.27186069054886,41.67139595617489,1.8596070373315845,19.502694390435856,57.717355707476834,10.706042911656088,22.168701565739035,42.72813930945114,4.461357532954203,0
237.23148550558156,44.06613141100052,0.43269621501389377,26.82307734745718,51.22800149876314,58.53074746028348,17.24305406354334,17.23148550558156,25.792236091689364,0
193.9042933183285,39.70667887551629,2.4559723088175156,29.668225776006818,59.537281977213794,81.43901263267784,10.038453099509471,26.095706681671487,32.336727225448534,0
214.56338587895303,29.85529690819233,9.851969128737103,21.207686203745126,52.9353555294629,33.96054576857214,8.647610704447203,5.436614121046972,10.139021770849759,0
203.20495158060783,48.215932113392384,22.39663000917644,44.37332161340014,23.35772910056331,64.29623595508156,3.8426104999922472,16.795048419392174,31.00102947956871,0
200.5797778641864,62.54933071647241,15.297659549021319,23.17203615950927,81.74337302053891,70.2010095056756,39.37729455696314,19.42022213581359,43.91026160200727,0
237.4124018106778,45.18401630783438,19.243821597012364,24.644504690932077,51.10756732410388,68.95222267645809,20.539511616902306,17.412401810677807,31.1553835387451,0
212.98448198032162,47.25264117247549,11.192990268109165,22.173536401420016,61.22605539551441,50.12646707788459,25.079104771055476,7.015518019678382,23.686079620751865,0
225.19755822596073,51.92722755116859,8.679985996681026,44.38784069710494,29.74314619305909,41.19201890882013,7.53938685406365,5.197558225960734,21.38987339170342,0
219.29619131681224,32.30669503453301,2.6016089451989455,34.42324182879585,20.23714935878474,85.23316657250321,-2.1165467942628453,0.7038086831877592,27.53601919285414,0
227.15561240834683,62.025146581296056,21.02239253246892,22.507263950050863,37.17030655505501,78.26013612998779,39.51788263124519,7.155612408346826,48.540964149346756,0
221.15232836590383,47.02328796422802,18.795840696669668,38.84985247087975,69.32102224933452,38.912965607252126,8.173435493348265,1.152328365903827,18.298155872919175,0
200.75511663717145,61.31856899089109,4.034834342345403,31.605589554311027,26.943617107901503,19.271727499798548,29.71297943658006,19.244883362828546,11.817147522700502,0
234.9440022917071,37.66967004476011,12.294253533030252,32.05802736889201,83.62212082705275,16.462679090092227,5.611642675868097,14.944002291707108,6.201436893765458,0
212.59365125258032,63.18061922557825,11.696995390109876,27.24418232998038,35.051579854932925,18.484838010904244,35.936436895597865,7.406348747419685,11.678835118134364,0
196.65127152010373,52.75155494034783,15.002197264476687,24.004672104344213,34.3215530004243,62.45824250728385,28.746882836003618,23.348728479896266,32.94769411100552,0
213.57827258551131,50.530400858523585,22.708485455790267,32.70212879243681,32.705557313504684,14.649595824609072,17.828272066086775,6.421727414488686,7.402499494328498,0
242.51139685951466,47.34024454353148,13.914514602299512,25.639302160035278,20.978719907995533,40.32341874676345,21.700942383496205,22.51139685951466,19.089205043030034,0
232.75332613170238,42.514713819255505,12.965214402686847,44.53404503660084,74.02638279347642,77.78797317228064,-2.019331217345332,12.75332613170238,33.071334179994366,0
214.7702179838821,57.00531658473872,1.2077503904319347,19.84567115805517,81.2524171871681,36.49133498638403,37.159645426683554,5.229782016117895,20.802001034985743,0
214.76113443522357,46.40359869848047,1.5097794244325744,42.289254182839564,62.99138918313392,78.69772694621169,4.114344515640909,5.238865564776432,36.518577396946,0
215.17547423173926,25.329302964128477,4.496322991842933,29.109449209617594,33.173998717590365,77.09203343863497,-3.7801462454891173,4.824525768260742,19.526874710879085,0
251.15121975341262,33.82813538292997,0.7792985206019587,32.39268587216885,39.96945978586158,32.12444193698947,1.4354495107611243,31.15121975341262,10.867099709455529,0
225.7290317834733,43.14154247807253,17.840469493680295,36.665262133035476,53.31486881554743,75.5939962083471,6.476280345037054,5.729031783473289,32.6124159850966,0
226.45062470786604,48.09998983165555,17.359927295855115,24.95800563996451,86.80421661363106,77.29989744448906,23.141984191691037,6.450624707866041,37.18124281067941,0
235.45425181047764,44.43411511100104,3.2653496263594306,36.91398707758909,37.314596027242,45.770853310032415,7.52012803341195,15.454251810477643,20.337873647067234,0
223.5818373853977,57.18970789793663,20.065893619086744,8.339649156950582,71.21521327439217,28.93784353673664,48.85005874098604,3.581837385397705,16.54946819062162,0
216.11436781268947,25.488981359613753,3.7148648363066874,24.240083734224488,50.76137563050442,56.91437262026822,1.2488976253892652,3.8856321873105344,14.506893828121278,0
217.05475226372533,46.435879365051605,7.228214087936611,22.607497541271478,40.849314385201524,92.92578292001767,23.828381823780127,2.9452477362746663,43.15090445576913,0
218.92598110878905,26.820207746128453,5.97544557987276,19.971951901025907,51.91411559154796,67.56550591888558,6.848255845102546,1.0740188912109545,18.121209052167828,0
219.44166645235237,52.59712295484168,8.935370365753148,28.28036129536839,24.984470227886277,25.563024786453507,24.31676165947329,0.558333547647635,13.445415577907607,0
230.9144431545547,44.05541285557997,6.111930381359085,33.085999745453556,75.90811596512538,71.44812322601679,10.969413110126418,10.914443154554704,31.47676566478522,0
220.7791882871095,49.19609972024118,11.734822234522849,35.62127998799445,37.0311349588077,48.448272455365114,13.57481973224673,0.7791882871094913,23.834660429875562,0
230.98960115823368,36.36117039410234,9.777789152512451,31.927014057603262,70.77884862350794,63.23759176198357,4.4341563364990755,10.989601158233683,22.99392849370167,0
218.78925129837125,57.79464931657751,23.677667778703835,24.674452280851625,24.78438600137363,76.06576315207971,33.12019703572589,1.210748701628745,43.961941063722904,0
221.17952785474137,55.417246640588516,1.342232403077416,32.95213150260134,86.85689893159802,56.34526163630003,22.465115137987176,1.179527854741366,31.224992611273287,0
190.0269897320184,50.835443030118874,3.412353033296439,30.994285558806805,33.511048978398904,83.25855771159777,19.84115747131207,29.973010267981607,42.324856673177926,0
233.74491512053723,43.704827531365595,1.2678214538064596,37.48844934348813,81.79194533449564,74.9940021384965,6.216378187877467,13.744915120537229,32.77599929349852,0
225.1973271384699,50.798572852951324,15.020188679577018,36.21549362345213,76.6631246730804,65.35660060166596,14.58307922949919,5.197327138469888,33.200220370849706,0
234.9701516478948,37.93107432012651,1.30822265792927,30.243811311365032,87.75019468569911,23.571353424911635,7.68726300876148,14.970151647894795,8.940867585862918,0
176.55616932709466,53.55555659020712,20.07455369702696,22.821975950709945,53.452346266202476,85.23541998204115,30.733580639497173,43.443830672905335,45.648303583382756,1
251.3256205717109,61.49480894323921,12.286527136366267,24.776398753343354,70.91781056921661,94.23150267878344,36.71841018989585,31.325620571710914,57.94748253666121,0
217.9061555776724,55.70610559979186,12.648182989956808,25.601685122895734,45.949745992644885,22.326861142836535,30.104420476896127,2.0938444223276065,12.437424845347415,0
236.62274225106273,37.70397530192591,13.478268185092661,27.477869328669954,32.90577666137857,53.94170164900875,10.226105973255954,16.622742251062732,20.33816586718082,0
204.40141109311705,48.61417317273103,4.099528951349058,32.14440342071803,51.01531530534142,33.2999867773454,16.469769752013,15.598588906882952,16.188513238435227,0
229.19160857593855,32.06858456241352,4.744567274747701,35.721395121024464,31.60243107719184,77.90709766830082,-3.6528105586109447,9.191608575938545,24.98370349588114,0
204.19876655239517,50.723903111756755,7.651615748952112,29.591050455876978,88.74312359504688,74.946667240423,21.132852655879777,15.80123344760483,38.0158748765229,0
210.64346558956294,49.50603412862539,14.243913979724434,30.12899830320378,26.737254379850146,22.679660851335882,19.377035825421608,9.356534410437064,11.227800641318833,0
248.7104703080018,26.30183660467836,5.042826622565149,31.14645044000003,61.244820641683425,88.93245441354735,-4.84461383532167,28.71047030800179,23.39086884838129,0
217.1397639885498,33.38216156087636,2.7919614511982696,25.87275749494128,63.85246986778391,26.287575758020203,7.509404065935083,2.860236011450212,8.775361009980074,0
223.26149309769585,42.16861103256233,23.282805274042374,22.59686193885635,57.6655680011838,81.75331230832967,19.571749093705982,3.2614930976958476,34.474236273535446,0
233.0510159603313,41.991402528591735,0.5275635554309499,15.956496821514321,66.35301199982834,51.128232366520436,26.034905707077414,13.051015960331313,21.46946185877932,0
227.43522831958907,32.90523064581195,19.264737728064517,24.43880513538502,28.132654250832367,39.54450642023361,8.466425510426927,7.435228319589072,13.012211045325783,0
222.25628357715365,48.889787293521834,18.91284358980053,33.78516362614229,58.851296694370376,24.241533640679215,15.104623667379542,2.2562835771536527,11.851634233615608,0
225.47441503699338,47.51473608940512,7.133138732282304,24.37670849568346,40.10487997891531,25.085283053196648,23.13802759372166,5.474415036993378,11.919206040006655,0
256.0512337785741,43.05730868021481,3.2550387841755217,28.09754370059248,85.81232443107396,69.57014992308103,14.959764979622328,36.0512337785741,29.95503420166923,0
219.13571804449623,37.44208499841637,3.495087520930162,33.73145029929854,73.34501574078081,59.538734915240845,3.7106346991178327,0.8642819555037704,22.29254373394628,0
223.0164857007245,55.487071264165635,16.73835881369262,34.16551597138135,88.07601375118199,20.987687948610944,21.321555292784282,3.016485700724502,11.645453368746457,0
235.75981594011418,61.55407113088295,15.427358186068169,21.363737182671688,22.62892488181327,20.142807439449268,40.19033394821126,15.75981594011418,12.398718019035384,0
236.58288899436977,40.16438516153463,18.785896182033284,37.976474851629135,39.95932226264961,16.50795172955123,2.1879103099054973,16.582888994369767,6.630317314937174,0
237.8054545834057,38.878330828451794,22.49954813757851,39.018800714843884,33.67958106468443,76.93906126361897,-0.1404698863920899,17.80545458340569,29.912622774374984,0
229.58095333043778,49.912076654119964,16.606256718398207,20.96120114225152,20.780821111828136,74.06938767063603,28.950875511868443,9.58095333043778,36.96956955140514,0
202.85492630904275,41.419706202530136,3.740436877234643,23.409305042870766,36.9628011172425,15.258789176911764,18.01040115965937,17.145073690957247,6.320145647140318,0
244.50147298451645,43.60602799336766,5.842622802369856,39.52872546516953,67.51431884643003,60.42430680372757,4.077302528198132,24.501472984516454,26.3486401396318,0
202.80481910471968,52.396531517246714,20.21264954095475,28.825171829957593,36.1762245494198,17.62085397184209,23.57135968728912,17.195180895280316,9.23271630496426,0
224.5395319785855,25.906439124927072,5.023345820021006,12.241776420385193,55.630241183783276,91.33711935480476,13.664662704541879,4.539531978585501,23.662195224114477,0
208.68586224970963,58.183023248526695,1.740535606907554,18.80254796213851,82.1472680475499,91.64056772621193,39.38047528638818,11.31413775029037,53.31925282522374,0
219.0379248011051,45.72680524329341,16.87872129701401,28.00504299862015,68.56305442443526,72.8409690831817,17.72176224467326,0.9620751988948939,33.307848069994066,0
224.93143615455222,40.8850685543782,9.660632531763408,20.695658797723183,47.624034893422234,93.3570029295505,20.189409756655017,4.931436154552216,38.16907464805959,0
224.82035823175408,44.10765845778551,22.080961261101685,26.69260983490847,46.072825723847586,83.03077273723216,17.41504862287704,4.820358231754085,36.622929653798444,0
226.32881131352926,44.62429355020519,15.606121706247876,30.25916970946863,51.901506980593936,84.56847183343444,14.365123840736558,6.328811313529258,37.73808312187438,0
244.2056690358797,27.687986965550746,2.170055466999858,41.69803683227783,32.392900874193444,61.27370655129399,-14.010049866727083,24.20566903587971,16.965455883232092,0
226.8030145227097,59.94938227453236,22.748557614087858,27.676368670177688,64.38005371911916,37.54532783945583,32.273013604354674,6.803014522709702,22.508192112701796,0
216.33765047064026,45.41325632270618,6.205374327365901,38.580334396582074,45.49069733732239,29.60192036047794,6.832921926124108,3.6623495293597443,13.443195969747196,0
234.46130752432535,49.430021304473755,8.093099769750857,41.43008129629416,79.66557444834305,39.44800198350363,7.999940008179593,14.461307524325349,19.499155784635075,0
237.8420573338696,54.51549770574043,9.654249928405008,41.47447735481661,72.95868620404714,66.56458870801558,13.041020350923823,17.842057333869604,36.28801682995378,0
201.58588277294513,34.788375424396996,1.229383113703518,32.27803674708455,62.735921486451204,25.539088224915904,2.510338677312447,18.414117227054874,8.884633891651712,0
228.96100104774786,49.734718990352285,11.916370133534517,14.293686817288206,45.494155585466125,33.27762129735895,35.44103217306408,8.961001047747857,16.550531438915097,0
230.51759113466346,42.32358909101207,2.959643785807014,33.686598923230925,34.69522821714391,52.1254776515918,8.636990167781143,10.517591134663462,22.06137297298704,0
215.5365474496001,53.46770775216494,9.623287840520442,38.387199102508326,74.33063048739359,30.9745088672154,15.080508649656615,4.463452550399893,16.561359878791144,0
240.63560219967428,23.727725796485046,8.417034911810024,29.35146315651666,54.04863692937606,62.97793027444555,-5.623737360031615,20.63560219967428,14.943230607821981,0
217.7491661945121,44.00905699758731,18.54816200223608,43.95667096060199,35.73250267241502,93.08584256106968,0.052386036985318185,2.2508338054879005,40.96620150938555,0
221.88364680207314,38.97179344216038,19.276092279185548,36.87866849173966,33.662223052800435,77.32804291328138,2.093124950420723,1.8836468020731445,30.13612515702916,0
217.40392263574196,49.322629506341556,3.6819091773381123,34.54618701722227,31.578063315095132,69.97839527340217,14.776442489119283,2.5960773642580364,34.51518463518338,0
220.23368571372202,49.700441873682024,8.797228497101429,38.6910456896467,74.40128373439165,62.44493283854009,11.009396184035324,0.23368571372202496,31.035407548478396,0
203.55587369657198,37.92374105177974,8.96047586476396,32.666958810087024,36.029102971021814,53.91531183313584,5.256782241692719,16.44412630342802,20.446703246857997,0
198.39923676108558,37.87826135823956,3.633850654466041,10.057516004837172,56.86495844676382,26.790747367119373,27.82074535340239,21.600763238914425,10.14786930754316,0
243.91757594837458,43.89334631442671,19.162884121228572,26.006888388237076,51.60824526811395,90.5239409884179,17.88645792618963,23.917575948374576,39.73398691551354,0
207.2955797752251,36.033577726847916,16.973479880050157,39.57734421798283,60.572762945979875,32.36824018115527,-3.5437664911349103,12.704420224774907,11.663434984489404,0
205.1291147581554,53.41983695452127,4.5691628711288335,23.53926927921363,81.40084302598359,18.217798982034466,29.880567675307642,14.870885241844604,9.731918512905247,0
187.69914829594427,41.30792799552554,8.801325806251178,28.212219958104487,80.74231730572114,77.50136613058257,13.095708037421051,32.30085170405573,32.01420851676966,0
210.41557378465745,15.930117806783585,2.5393205965563412,21.64130948877543,51.57532502774018,25.805398089804974,-5.711191681991846,9.584426215342546,4.110830316215414,0
200.15365309888753,41.25177943378194,15.076958330233055,44.271380761614154,21.07563755143063,43.470639958705846,-3.0196013278322127,19.84634690111247,17.932412514218814,0
244.63022740204553,34.61456179156028,2.912926189166872,43.45193965934412,49.85106640000122,12.545643546188176,-8.837377867783843,24.630227402045534,4.3426195374442,0
235.1472563401395,28.687241845390545,23.662420046998026,22.929048838874166,62.433547619689826,22.336114828640326,5.758193006516379,15.147256340139506,6.4076152797561905,0
209.67774482233415,32.62573361777427,18.736369792508697,31.178384003112672,59.043533136864326,25.588326768392086,1.4473496146616007,10.322255177665852,8.348379328701231,0
253.78653708016463,46.094084718329704,9.365725190015882,24.556047617887618,65.59352740601439,14.896911497516015,21.538037100442086,33.786537080164635,6.8665950060796295,0
234.7264823048739,58.28640828248231,13.885534374704505,34.91955711225103,30.78530127311584,69.09912609605607,23.366851170231286,14.726482304873912,40.27539875597452,0
215.12752924737066,48.131844738649804,21.87220358919381,34.07746461793863,65.25745691465127,85.33070162228056,14.054380120711173,4.87247075262934,41.07124081923661,0
182.5089142768964,38.934966117842606,13.298382729499828,36.49364457290612,32.78561331206406,43.598386572934686,2.4413215449364856,37.491085723103595,16.97501704009816,0
254.36413858886112,49.55904195170703,4.187963673550924,32.6553475816631,72.53667864877244,88.71188290463806,16.90369437004393,34.364138588861124,43.96475926485879,0
199.15641299854605,40.40909689781008,9.088880533947822,53.48324965110774,43.736132928387605,29.201191710411386,-13.07415275329766,20.843587001453955,11.799937853575422,0
195.31901879564663,38.05399630836855,20.23547676071389,21.77660987991409,69.69268033670176,39.285138120511554,16.277386428454463,24.680981204353373,14.949565010116956,0
235.3385564801446,33.456373317670156,15.46111238375083,16.315173164507886,23.350591923427494,23.566329372805157,17.14120015316227,15.338556480144604,7.88443913223745,0
256.5962860950891,27.48171193248281,15.617385224011208,26.855278394388307,48.55020179136393,65.85032758770987,0.6264335380945028,36.59628609508911,18.09679733425068,0
240.76409227765777,41.100762934405545,20.80371565652374,17.45609387551786,69.35241655843329,47.78826317832762,23.644669058887686,20.764092277657767,19.64134075939425,0
228.4586368007854,46.58053489920132,21.45535337910011,18.060301839952057,35.88093614320459,65.19550121577089,28.52023305924926,8.4586368007854,30.368413196521377,0
228.9213151249793,44.0337632998511,22.07502172270647,21.989482766416266,75.67009313580559,78.55074148547652,22.044280533434836,8.921315124979287,34.58884757599267,0
232.8012333817046,40.84033072052641,2.2763806380757465,22.62248875654698,64.15458131734525,59.11327144296536,18.21784196397943,12.801233381704606,24.142055557029547,0
231.38392884680147,35.542539393032186,13.059024047114422,22.36305518439952,61.129324050485884,66.48673194116091,13.179484208632665,11.383928846801467,23.63107289132683,0
224.21787135954062,51.08246191684969,17.772228509239646,34.14575160356329,44.7484197943036,94.17252829548997,16.936710313286397,4.217871359540624,48.10564590267816,0
221.56301655927814,31.82868080053415,18.166244283048332,25.950487511317313,53.77160292667823,36.91578786479588,5.8781932892168385,1.5630165592781395,11.749808284488203,0
219.06110308150716,52.760279138434754,14.561188847280093,28.56388340102016,61.81445106844972,42.324754477055784,24.196395737414594,0.9388969184928442,22.33065860675179,0
208.69053116699985,34.97782981073275,4.00289604440818,37.15386219600748,53.07234797404233,74.59330255384032,-2.1760323852747305,11.309468833000153,26.091118417487234,0
215.78987384699838,37.47564762646965,19.138093294599944,23.86941980174859,68.88193267583921,65.0174965349848,13.60622782472106,4.2101261530016245,24.365727897003023,0
194.60564778706922,30.33214809384323,17.282672004358698,27.883632810362222,50.35878531748717,26.067961408574334,2.448515283481008,25.394352212930784,7.906972659494669,0
218.52490559807876,39.98597853114363,2.067258517176871,32.926079888743324,34.159122721942126,43.853257900944115,7.059898642400306,1.4750944019212398,17.535154289478562,0
205.17113339273624,54.75312458477979,11.13143579218503,14.46745759503823,34.97536479607331,52.105421181224344,40.28566698974156,14.828866607263762,28.529346174780002,0
203.44616024176344,50.15628088443957,4.175457588523286,10.92075592839534,20.406263819005876,47.74508541715504,39.23552495604423,16.553839758236563,23.94715915034388,0
222.6984122673022,54.78422112028035,8.099449097111325,32.76893863038178,41.06704008910707,26.04473274898367,22.015282489898567,2.6984122673021886,14.268403979389284,0
240.880034295169,50.22142545933936,0.4339462129364504,33.93611424453519,72.42423483349637,93.1987082605836,16.285311214804167,20.880034295168997,46.80571979815614,0
233.7747490900347,33.96330171469631,9.607916841858199,46.513761078819286,75.59138961863266,78.60868855245782,-12.550459364122979,13.774749090034703,26.698106067037187,0
196.44249094565234,41.692107756724425,13.19704610774905,31.26475900693448,34.1727279467025,53.322024889706704,10.427348749789946,23.557509054347662,22.231076075083937,0
205.15557795144494,37.19800870882537,14.869982227850084,36.55791773806476,87.13307978099854,71.2054925476153,0.6400909707606104,14.84442204855506,26.48702531902394,0
234.11156781982325,58.3057490403904,15.923768283089043,28.43621885131221,55.168195543608874,90.75544049219697,29.869530189078194,14.11156781982325,52.91563937388121,0
205.26268909692536,33.03211353573688,20.07099151445904,32.37781777268069,84.18851243129518,22.25567281254141,0.6542957630561901,14.737310903074643,7.351519111580805,0
216.63050275004463,53.93697689389111,5.171109774617521,43.33805473399627,69.47356973031418,32.533574563627994,10.598922159894833,3.369497249955373,17.547626595140866,0
228.2507814853683,53.929538701087694,2.8915637385232307,13.008057454994916,70.57033961156893,58.843112253098056,40.92148124609278,8.250781485368293,31.733818995458993,0
205.47483317704547,63.29620201716087,20.436892125550216,33.308930060573445,25.953053491424978,81.91093342171227,29.987271956587428,14.525166822954532,51.84650989274915,0
221.5806325921894,40.903134073705026,3.7587075574235973,47.084693840618925,35.39937888278514,13.262940589737465,-6.1815597669138995,1.5806325921894029,5.4249583715361585,0
199.98961757622692,52.123221595801624,23.394241952068686,32.25627375367474,20.617038330613084,98.56163351767245,19.866947842126883,20.01038242377308,51.373498646858295,0
210.9794853407318,67.81651836538842,20.220917505567286,43.20458370586278,70.12893483337163,50.941594259415744,24.611934659525637,9.020514659268201,34.546815626558335,1
224.79672901213806,38.82358323066303,12.021038541350379,24.96630280376446,44.1106801899957,42.33080265595507,13.857280426898573,4.796729012138059,16.434334401342433,0
196.10509399702497,29.649597524676402,23.554114198128605,29.743620046690292,75.06567612534428,36.345199405579464,-0.09402252201389061,23.894906002975034,10.776205343295391,0
226.607121069406,26.199899660922362,2.337041498592101,30.2681976191087,43.72553539559184,25.69210368857845,-4.0682979581863385,6.607121069405991,6.731305387187686,0
219.7054330160998,52.12712028861331,7.2735782682024395,12.259271365129834,77.35336266092028,81.24165180370251,39.86784892348348,0.29456698390021074,42.34893356017239,0
228.2873493162572,26.16849791941416,15.317385960974676,20.6545773771984,29.14887776238191,95.98727482714868,5.513920542215761,8.287349316257206,25.118428016044753,0
223.35871201096992,41.27680947062077,8.40016484335629,21.22499936492811,32.13612097302557,47.22802793608584,20.05181010569266,3.3587120109699242,19.4942231079097,0
240.46210644960766,49.37313187038961,22.280941247539005,36.57652862426022,43.86135777087556,95.71786252781106,12.796603246129386,20.46210644960766,47.2589064893744,0
221.8783675397186,46.85175536829914,1.5750261162676216,36.97722484547244,48.594117221759134,84.14178538915307,9.874530522826696,1.878367539718596,39.42190345304527,0
213.5589168831212,49.25444864184172,13.185883969463148,32.592291541652266,44.40919675900849,53.29460147286865,16.662157100189454,6.4410831168787865,26.24996211132831,0
221.83446254548426,47.22289855800854,14.180790417482747,36.59282317484565,73.45529227662539,70.66235612135195,10.63007538316289,1.8344625454842571,33.36881274988477,0
228.14947043554582,57.788658133133936,15.665474970653378,28.68680469822581,26.78659748387003,49.14857612534166,29.101853434908126,8.149470435545823,28.402302634376777,0
220.73290105488556,35.476836192612026,6.135989359963546,39.615453356316344,44.58519137469416,60.285106739129716,-4.138617163704318,0.7329010548855592,21.387248566382365,0
220.60887536805825,38.23004861541469,8.749594260476748,30.070307541056575,78.60679996608215,15.224170331665343,8.159741074358113,0.6088753680582499,5.8202077190892,0
209.47012468289867,37.27340554729176,20.248332711959463,30.462912379414053,24.675795408352037,72.66371277704798,6.810493167877706,10.529875317101329,27.08424034910835,0
210.05648623673576,53.301918118626105,4.678626455283836,27.87525893390071,85.96404553699502,14.754218003572303,25.426659184725395,9.943513763264235,7.8642811993077,0
198.9609209230046,54.003985883950634,19.844828332160688,35.475603821091426,89.0421789590409,83.53764522276846,18.528382062859208,21.039079076995392,45.11365813388864,0
246.2436511478041,49.51225319318508,13.503730149665817,26.630409467096694,26.199772167755604,84.24522365145017,22.881843726088388,26.243651147804087,41.71170843747105,0
201.34205146913072,56.834936668899275,18.29250026865797,37.811451017584545,40.38907655790159,31.336955880059314,19.02348565131473,18.657948530869277,17.81033902839262,0
209.6064220330614,33.21959132623619,17.126576790323316,20.942806874271945,46.06804662247493,39.12965029322203,12.276784451964247,10.393577966938608,12.99870991479374,0
209.22389101646203,61.67224111551137,4.980275889237096,21.208669962174447,74.34739580569082,53.317934070246395,40.46357115333692,10.776108983537966,32.88236485761174,0
233.4238656541666,60.23238621712258,13.651505674412949,35.49941404101203,61.714876848171365,63.69966162392333,24.73297217611055,13.423865654166605,38.36782620832172,0
215.57575482561958,52.35621997245747,20.825355667322217,29.291646283335897,65.10559903447972,35.8618295567797,23.06457368912157,4.424245174380417,18.77589836889535,0
238.71613109010602,62.8179890877106,10.370789683246304,26.368868670774972,73.02568759729542,63.32377641687325,36.44912041693563,18.716131090106018,39.7787229594777,0
209.89764063634198,28.433767923222263,23.198178485359602,37.120461859803676,28.2585299605918,36.8008365906369,-8.686693936581413,10.102359363658024,10.463864469985957,0
224.18491243335703,39.755518637373484,10.853162402441233,25.141908687311325,78.32466198371836,14.99416489639546,14.613609950062159,4.184912433357027,5.96100801990501,0
207.46979420110364,37.64696539318048,3.4268552800292325,28.39838996559704,69.39338629261007,10.227479484871806,9.24857542758344,12.530205798896361,3.850335662264322,0
252.17723691660083,52.21479323757343,9.346432321864157,41.193823600569274,60.41392076374592,19.103595212658576,11.020969637004157,32.17723691660083,9.974902741232652,0
202.1860237145573,34.498592603978544,22.84085775337289,42.3131387664852,82.28147343481396,81.30256301476165,-7.814546162506659,17.813976285442692,28.048239991055556,0
224.6473106534054,52.574951493374854,7.6733003841565015,42.57918568216262,69.0214447718665,96.52881811450034,9.995765811212237,4.6473106534054125,50.74997930082659,0
229.50665321398148,58.705361439967135,20.834355836809507,27.74299378452871,34.11899738417178,48.42695793530973,30.962367655438424,9.50665321398148,28.429220690304422,0
226.2069864617725,51.95202900083999,21.150016360365356,39.84562323987576,50.08217667529667,56.14155581049485,12.106405760964229,6.2069864617724875,29.16667735619105,0
217.22068511683437,47.83751023661501,8.404476583967066,22.408377377850574,54.58300068550133,23.21633521660835,25.429132858764437,2.7793148831656254,11.106116735811874,0
218.0526895039986,35.121266590992505,1.998183793215171,22.74477700222351,23.865233872528396,59.59282174121413,12.376489588768994,1.9473104960013927,20.929753792826755,0
220.65717207968663,36.53149033874635,17.389389819811637,11.196353179005111,86.8246259352039,23.018941180627916,25.33513715974124,0.6571720796866316,8.409162273482792,0
217.79496997557268,57.49618905296667,7.476295176335665,43.38294561518824,29.000408255781494,65.0092898078947,14.11324343777843,2.205030024427316,37.37786416993813,0
234.45818675192365,52.793490039053324,18.79016674218174,23.088161207391373,68.82228870587087,93.99328008227684,29.70532883166195,14.458186751923648,49.622332957616315,0
253.15784502387027,44.60980480622456,10.623716358250395,28.98773936202352,55.43617252636161,27.612868537273563,15.622065444201038,33.157845023870266,12.31804675587713,0
211.6376232248825,40.8209045423411,11.646401816222918,22.717405264573728,21.79425749190958,78.81073462513918,18.10349927776737,8.362376775117497,32.171254750445826,0
199.45295530631384,24.74192126888623,18.669825761964884,35.561321986641126,84.73232331050532,12.115218053649164,-10.819400717754895,20.54704469368616,2.9975377123877665,0
218.67576927473118,34.291475813155614,9.17671994547907,26.99493071426128,79.62857661732532,43.79475171894589,7.296545098894335,1.3242307252688192,15.017866693133882,0
258.69564006481477,64.11419087139723,10.635056287749949,19.561464876536405,56.69805495326849,19.967365704745816,44.55272599486082,38.69564006481477,12.801914959930643,0
207.94488148045403,32.195444289975335,9.028571250470932,33.533300513488484,36.02596352976117,41.72278974361295,-1.3378562235131497,12.055118519545971,13.43283752812845,0
244.58675208166102,46.89479821221081,8.816172366654719,18.530159801518174,28.513602347606597,25.618322767499514,28.364638410692635,24.586752081661018,12.013660767171757,0
245.16551221114662,55.07443973195198,12.622717845635027,23.30075419747607,45.43747356024886,43.597449111059866,31.773685534475913,25.16551221114662,24.011050835339102,0
211.6961763743801,32.450773319977074,19.411186668027618,13.144887082991353,37.87997967322633,47.57705254967773,19.30588623698572,8.303823625619913,15.439121475222294,0
228.53474618777912,46.84710474781083,8.68243948614158,18.608335102419147,55.46838407044091,37.05320105028265,28.238769645391685,8.53474618777912,17.358351908442856,0
244.42594934692806,54.37915537510655,12.582113292905682,31.428233357763823,87.64865072864002,69.09597545258163,22.950922017342727,24.425949346928064,37.57380784930484,0
214.3130838851877,45.1249932190725,16.09745581062242,14.283711695176603,60.2467445260749,92.69668461330187,30.841281523895898,5.6869161148123055,41.82937264605749,0
216.94629459846456,73.68403055666768,6.46654671128772,18.150834203026275,82.29517391230685,46.05358366947451,55.5331963536414,3.0537054015354386,33.934136663456115,1
211.27478629077035,28.314007411218046,6.6605473176574215,29.981048670937536,65.5615186247044,27.31088408275193,-1.6670412597194897,8.72521370922965,7.732805743259551,0
204.778649039607,55.58728529883879,22.401915048562916,25.65114483125558,53.26725686110403,34.365048237638504,29.936140467583215,15.22135096039301,19.102597406939687,0
210.26083682400989,43.27198262603535,17.364829759946126,45.93629308767447,79.82252939133599,86.86007411467321,-2.6643104616391184,9.739163175990114,37.58607617986282,0
201.64089599856615,52.719201548366755,13.852480229359413,44.671172368195,52.995767712109824,61.44757509431331,8.048029180171753,18.35910400143385,32.39467096055505,0
220.5112520238884,49.41307151699246,15.545281306094687,23.056620297990772,80.80397193572527,50.95099290762615,26.356451219001688,0.5112520238884031,25.176450564063067,0
208.45040153412037,37.668438028900034,0.7031866344820408,34.45710094722786,40.41037387030357,23.467304935803405,3.211337081672177,11.549598465879626,8.839767216796105,0
223.50678867686122,47.2899639245934,14.834471173480726,35.99426045503561,29.016915163409166,50.475457749140375,11.295703469557793,3.5067886768612198,23.869825760341868,0
196.6615653069456,26.420985486017127,12.228212957380846,25.220169135804774,79.87201250540568,35.0642803021648,1.200816350212353,23.33843469305441,9.264328409411325,0
224.96320348321686,51.032475005713934,13.097992314706456,18.03566770801437,61.11906146548667,94.88468150680143,32.99680729769956,4.963203483216859,48.422001374209714,0
232.50293442413385,47.98158465990526,8.62617184393961,29.901612405535538,82.2364678774272,89.56630984741581,18.07997225436972,12.502934424133855,42.97533478619088,0
190.09396536142816,51.38660168643102,1.9553735451106053,28.617234601487112,85.64790448946682,17.55122876453782,22.76936708494391,29.90603463857184,9.018980016307358,0
225.61084854771357,55.581183250871504,4.6401416066892525,26.513884024235047,23.753987326001443,56.49881403351186,29.067299226636457,5.610848547713573,31.402709362535333,0
238.41503488709938,48.67619840209711,22.81787311710412,33.53853494531588,55.067851130120786,30.255251096320485,15.137663456781226,18.41503488709938,14.72710605069762,0
201.85538471963193,46.480894197982764,9.808789494502415,23.99416314395521,46.247518435217046,46.969938057186155,22.486731054027555,18.144615280368072,21.83204721321874,0
245.08858580256555,36.18931663338708,11.20039573994074,20.784019619366855,63.8100877949082,88.91631984263108,15.405297014020224,25.088585802565547,32.17820852660495,0
226.28528514049069,37.87779236350949,1.2650349564825358,30.872663762798656,75.55138380416264,57.47630678996903,7.005128600710837,6.285285140490686,21.770756144118177,0
209.42482216362387,56.86734620177331,0.9015895090555341,33.087760740551005,39.641315118205824,40.079376403368386,23.779585461222304,10.575177836376128,22.79207773481534,0
219.16346383513442,59.36335405705979,17.212354729122183,20.586840448799578,58.975886906122014,28.709951869449736,38.77651360826021,0.8365361648655778,17.043190377872904,0
228.37490368782585,42.61889563687946,12.914271938906671,37.42472488792865,69.61100059334296,82.02923734658403,5.19417074895081,8.37490368782585,34.95995505646879,0
221.14008087118617,45.460027472532744,12.2089436211904,15.836150897791375,29.41017579850138,66.20662138279124,29.623876574741367,1.1400808711861714,30.097548269252634,0
228.08133988669553,35.95385625006234,5.834988730144048,25.375092330274853,76.98468341658868,52.12589143836081,10.578763919787484,8.081339886695531,18.741268076811796,0
206.1898961038095,56.72756845267445,17.874017559118133,27.935931710419126,62.42767198970812,29.573591847668023,28.79163674225532,13.810103896190498,16.776379559300427,0
222.54041236054118,51.65416823691778,4.037677898603805,24.910210298784563,86.46762059795563,40.08217367414182,26.74395793813322,2.5404123605411826,20.704113422654785,0
198.7942825464253,64.4121743646375,4.558433847864481,25.47951621159046,43.767024339148534,96.38590840646667,38.93265815304703,21.205717453574692,62.0842593857131,0
218.3316090797695,36.21676922820261,11.05709211235861,44.96859585846491,27.570215963603907,56.80809438452509,-8.7518266302623,1.6683909202305074,20.574056446182976,0
206.44138537802814,41.21992100981783,6.8707166906865815,23.19292728768881,55.455084072584775,46.062935311892765,18.02699372212902,13.558614621971856,18.987105550365683,0
208.9670508611535,47.314459225255725,5.939111549595513,49.52977377977531,26.00675401966072,56.92798381134915,-2.215314554519587,11.032949138846504,26.93516768818097,0
238.54139762815657,51.464895377257704,15.48570346927996,33.49701423784842,87.86685663268048,80.10896553096478,17.967881139409286,18.541397628156574,41.22799529831446,0
236.36965180891403,42.84332362452368,15.623321885245069,30.736441098495934,22.707947078003407,40.60980428525819,12.106882526027743,16.36965180891403,17.398589873218853,0
229.13707181360766,36.270389095462995,19.788409675198302,33.809922827101325,72.74527307751157,26.083550883934798,2.460466268361671,9.137071813607662,9.460605395516229,0
203.61530852991132,53.81407528923571,10.02500560735142,50.239421994015615,56.75716786995708,62.6442506505143,3.574653295220095,16.384691470088683,33.7114242094453,0
215.25387325457797,52.211353625455814,1.7540421846276057,22.051255968548418,45.80344567488021,69.86836931329604,30.160097656907396,4.746126745422032,36.47922137450445,0
238.19646549968775,35.83725899436275,6.567993238114984,21.036656648508888,24.608951515605824,74.14462026626947,14.80060234585386,18.196465499687747,26.57139959520976,0
222.12575370459857,58.55442801105496,23.520131116723604,23.96107042742463,63.55168469215254,89.37888316895167,34.59335758363033,2.1257537045985657,52.33529380224873,0
254.7899430997254,56.70198709196604,14.31020580558485,30.257145175716488,60.96542305736687,43.40567086202017,26.44484191624955,34.789943099725406,24.611877889363942,0
225.8997675909156,46.34296497247793,17.033690035224488,16.19383100149941,39.66182911473199,16.781940660600263,30.149133970978518,5.899767590915587,7.777248882044011,0
222.88073674735048,45.79597862376036,0.17658791100994886,30.178713914548865,83.71551909872184,96.2513725267848,15.617264709211497,2.8807367473504826,44.079257987442325,0
215.36325303696248,50.540577711159074,12.4369375723805,43.548377067309374,41.28770051399859,49.15107346937277,6.992200643849699,4.636746963037524,24.841236482657234,0
222.00311357173425,36.38296929743742,0.9006877807632749,31.21125912499822,51.48077874144743,66.09317587058182,5.171710172439198,2.0031135717342465,24.0466598846951,0
217.71295245429184,45.30031479164082,13.66152509019475,27.658516328197784,58.0633719143059,69.9674790815463,17.64179846344304,2.2870475457081625,31.695488275715917,0
230.62163015032885,23.4761645539082,22.09850039126581,25.05471641053098,27.016231472340024,59.18623378310832,-1.5785518566227807,10.621630150328855,13.894657636183315,0
234.35053475191876,53.76455645502936,23.24205913200979,37.18809363641252,85.25132034495427,28.47317767626431,16.57646281861684,14.350534751918758,15.30847768629594,0
208.21015809238077,29.385067775581405,12.973264209334179,23.39333781409562,46.217530671572874,77.96287451045274,5.991729961485785,11.789841907619234,22.909443514688014,0
200.03150569663333,60.03419828428999,10.996915326053184,44.77116736479398,25.654544971204054,82.33767768736735,15.26303091949601,19.96849430336667,49.430764685513715,0
192.45691940345054,41.698799060335496,22.680410261963857,45.46687798171486,47.110382157273094,59.76780274156958,-3.768078921379363,27.54308059654946,24.92245596798479,0
227.61986990368814,42.88333018068823,16.166635967920683,32.0540063892943,62.01417829648065,53.97050445263574,10.829323791393932,7.619869903688141,23.14434962460683,0
203.4495009073919,38.72266093915494,1.557582708921827,29.907879295386838,55.95568702749307,20.254436481518677,8.814781643768104,16.550499092608106,7.843056763874981,0
187.70664110571275,42.11961126077924,11.177413864019941,38.24527846593247,68.61793818260918,17.555649534980546,3.874332794846765,32.29335889428725,7.394371338438604,0
225.82867906796446,59.18531345148037,5.765880443143294,38.7583880178186,23.883875944753743,40.56083610071759,20.426925433661765,5.828679067964458,24.00605798475091,0
257.39499276149184,20.121913434649205,11.275303714768357,23.552066151524677,39.91784271904393,37.976153996565394,-3.4301527168754724,37.394992761491835,7.641528832997962,0
219.9089363269016,57.769653860881874,10.931173728152682,25.787558934906386,77.34614037880715,95.82908058669442,31.98209492597549,0.0910636730984038,55.36012815299891,0
232.57736161677462,48.38023481101708,13.971475267553808,19.421220522533638,25.59255814539526,80.52604681990869,28.959014288483445,12.577361616774624,38.958690535501376,0
221.2274403782135,32.929783521427844,8.56249176838203,33.27251950667246,79.88401682871702,69.3931865733154,-0.3427359852446159,1.2274403782134868,22.851026117213294,0
218.51665520213285,34.24687606950762,3.9424907869422734,35.33302306765513,26.43272644539744,56.58832801158446,-1.0861469981475054,1.4833447978671472,19.379734563933795,0
233.78614724481653,61.763930272082035,12.08926643015895,19.200594897109816,78.41179504241873,25.06307776539862,42.56333537497222,13.786147244816533,15.4799418750585,0
215.64588183717024,35.54493120057269,19.92486922429829,26.358408761470727,45.255188075510866,98.06110049658555,9.186522439101964,4.354118162829764,34.85575070603578,0
224.01088471107855,33.46649489404041,15.936293473622456,19.22196865934921,62.854634428005106,43.753662841618905,14.2445262346912,4.010884711078546,14.642817340846046,0
224.82546709294022,56.373145423647294,8.12082878220518,22.8096015180493,30.702098095359872,19.62330422025203,33.563543905597996,4.825467092940215,11.062273825007393,0
209.97864319535427,48.385528762859146,22.452552546212573,34.408136481810395,24.63181052076266,54.44190061441715,13.97739228104875,10.021356804645734,26.342001480836004,0
234.88063524304783,35.620744234636014,21.892981709980372,24.132143466573766,35.115674281409454,88.6598210451775,11.488600768062248,14.880635243047834,31.58128809338867,0
217.37560364956886,47.16624975404619,5.0243615852183705,27.59339235174161,28.949767253608687,89.85619015995965,19.57285740230458,2.624396350431141,42.381795070317246,0
208.66382260760733,34.742473163597225,0.9460220428887114,16.981506176421476,41.868412837574226,10.986932445080253,17.76096698717575,11.33617739239267,3.8171320562345636,0
228.04764765355606,56.00821398422605,17.791409000418295,31.495921677797313,56.00682725577141,89.76661702762597,24.51229230642874,8.047647653556055,50.27667895123345,0
206.52298027313444,55.61370964873134,19.862646272379678,29.645813441242808,61.213162449550666,34.43357957498726,25.96789620748853,13.477019726865564,19.149790966498273,0
220.42271736053692,50.32006198821943,23.228749582832528,24.1683259997347,75.29076751658201,13.507512757158077,26.151735988484727,0.42271736053692166,6.796988792468592,0
219.86321505033695,48.61661061247017,21.356073458119457,28.487885618540208,65.93679252738511,86.30112433265869,20.12872499392996,0.13678494966305266,41.956681570992416,0
236.28843348747367,62.61188124867374,14.412834436953956,31.442359044027555,62.61308275906871,87.74800803893875,31.169522204646185,16.288433487473668,54.94067859141702,0
227.12047349319928,44.996863273882255,12.72125614109714,23.481054808725247,48.82474192400423,63.660797185811504,21.515808465157008,7.120473493199285,28.645361868763086,0
219.62459561882284,33.181258745791986,0.668185230302071,18.189899647985765,53.16659044720971,61.69903815667225,14.991359097806221,0.37540438117716235,20.472517494430345,0
232.2664944880043,49.49473912832307,5.919754724274668,44.44459546149452,49.016458057312676,83.18082453592774,5.050143666828546,12.266494488004298,41.170132108845586,0
240.8531132352597,65.86047049537115,11.030754041590235,24.93381836231782,78.95162210429682,80.76785974392519,40.926652133053324,20.853113235259713,53.19409243639059,1
228.36715459527792,34.85240506814148,15.084093602005627,29.225919174504885,36.10003167838799,90.10949260984337,5.626485893636595,8.367154595277924,31.405325369229622,0
220.1552892976507,41.38537233306014,13.374043999641856,38.08671788016251,20.400465207937522,59.747270283703315,3.2986544528976296,0.15528929765071098,24.726630265750416,0
200.3224565147476,49.16446038101453,17.823263752360575,58.23244150056387,65.59239280583675,97.08823834595279,-9.067981119549344,19.677543485252386,47.732908476220906,0
204.02329505386942,44.46095150994261,6.7144063412889805,20.044108400889073,34.1723528547182,99.65321478400045,24.416843109053538,15.976704946130582,44.30676750321341,0
215.42162943467997,35.176964196226855,13.558862583659359,33.59861770981208,82.30805954168665,20.489014899876935,1.5783464864147732,4.578370565320029,7.207413435489295,0
210.85731696761076,56.21857856230471,2.115413841379011,24.33958171764715,80.13324307946593,86.45893835987098,31.878996844657557,9.142683032389243,48.60598618597867,0
217.19543045521831,68.2004072201726,9.927972565996967,25.68967756338631,25.370916034974414,54.98400319737301,42.51072965678628,2.8045695447816854,37.499314086561114,1
220.8497488734566,46.96131459023907,18.003859990910424,24.23830383194568,27.447188378985416,44.88097044698489,22.72301075829339,0.8497488734566048,21.0766937227608,0
227.94539131535097,35.95931710264,16.641620482297057,20.99476025759532,54.662011457266644,65.17650788944435,14.96455684504468,7.9453913153509745,23.43702714839247,0
218.94251832911362,29.51039474946525,23.775425692132295,29.669669105722708,62.64558639385483,15.036900153580632,-0.159274356257459,1.057481670886375,4.437448593404591,0
227.29752465739304,47.57975981221181,6.669387023706144,18.203978503614117,39.24358362375685,55.58150068903719,29.375781308597695,7.297524657393041,26.44554452786675,0
220.96711622215182,56.038773433162575,11.9565431801755,37.57446053209496,70.17584016895594,88.38015130240001,18.464312901067615,0.9671162221518159,49.52715274823822,0
190.36800150469193,49.751677464953815,7.908729930575921,30.440023488267,61.644121464321,29.211536452507193,19.311653976686816,29.631998495308068,14.53322939840879,0
205.90996909271868,44.97596159081146,10.574474737420193,33.37947978321152,42.73768768239883,48.37509052924826,11.596481807599936,14.090030907281317,21.757162135954967,0
217.83868666417578,39.107283482106936,20.566803116865316,26.270491104430217,21.776004162962092,94.5532798943388,12.83679237767672,2.161313335824218,36.977219209909094,0
201.8545788573834,34.0783636728191,16.42101780452368,27.062368526306013,72.51051969089625,48.570745402512756,7.015995146513088,18.145421142616613,16.552115256867364,0
228.99893094994306,53.34751326324882,21.17858859234196,32.300511241338626,35.032756607755786,42.25308690991585,21.047002021910195,8.998930949943059,22.54097114339941,0
242.96126248515546,54.13771621385585,4.884266599965275,20.687594940753396,78.41316204238399,49.64829833110404,33.450121273102454,22.96126248515546,26.878454855501637,0
238.28142777545975,29.542702133092668,20.960666828194512,27.136076524693312,49.42031820379786,56.75074898658007,2.406625608399356,18.281427775459747,16.765704731404455,0
216.79835693604687,60.89838978180684,1.4342945802812261,23.12309188897237,60.39542098422358,66.8792209718322,37.77529789283447,3.201643063953128,40.72836867046228,0
242.36089205274928,50.74071220894001,21.32638273049166,22.875449515271885,81.10641112863013,82.0623520825058,27.865262693668125,22.36089205274928,41.639021902071356,0
222.23001185803167,58.99594645145793,7.89777070705747,13.121294074994868,80.45361006439674,50.68919851878828,45.87465237646306,2.2300118580316735,29.90457241481754,0
214.9437104332294,31.578722515148847,7.5501032019375955,40.71461271584,46.00637026705013,83.57328415811263,-9.13589020069115,5.056289566770602,26.391375501087236,0
210.7989600468859,31.341758445845613,12.290125840767935,24.50768997476985,34.62222249003902,58.03485952168726,6.8340684710757635,9.201039953114105,18.189145485673055,0
215.46295470267808,43.51030690232703,22.576564505357563,39.3070084413084,74.26022544100164,40.46324593311799,4.203298461018633,4.537045297321924,17.605682488142996,0
214.17734772188157,50.02784426895194,1.1467527523537289,38.55033857115434,50.31561425214918,69.21557453074728,11.477505697797596,5.822652278118426,34.62705983610261,0
222.5562433356323,62.96360822926964,8.453543401697887,19.71200234786805,33.44293954913029,74.59500292691422,43.25160588140159,2.5562433356323027,46.967705401514486,0
222.40860971574796,52.060789138151314,20.557727728400057,21.292710114617236,83.30977396220052,60.22440780665388,30.768079023534078,2.408609715747957,31.35330195792241,0
220.0456903023012,42.573187231879665,9.505307458451203,50.484023674845474,33.86729359687612,15.095347582125108,-7.91083644296581,0.045690302301210295,6.426570589441142,0
226.55407254619524,34.73630792334108,4.779765542329608,44.007407535417144,21.806501773386174,25.28945876447424,-9.271099612076064,6.554072546195243,8.78462426857414,0
237.85969412179512,57.300005727191504,10.195060351953883,29.747851893375167,21.4195981637194,35.67679488012054,27.552153833816337,17.859694121795116,20.442805509587433,0
234.24331203161987,35.35294574249285,9.253260035800064,32.05898485133879,63.5620749517985,35.43630453563438,3.2939608911540574,14.243312031619865,12.527777515627355,0
197.72653047325144,61.284685547723214,21.969988835200883,24.953228776422492,66.31725425022712,70.60787202221834,36.33145677130072,22.273469526748556,43.27181234075535,0
181.69118297647069,42.15615350393491,18.28642501783433,33.45882171360272,41.772919353988875,11.651379550626933,8.697331790332193,38.308817023529315,4.911773448688371,0
234.0147986685891,60.905820726178504,12.122773337856152,24.26254479422023,42.400769247294434,78.01135993445679,36.64327593195827,14.014798668589094,47.5134590277341,0
199.4968195237687,51.78931290059278,23.720893601317705,13.741169885612923,43.76457405419599,33.88082273262398,38.04814301497986,20.503180476231307,17.546645298293804,0
216.62851897160974,43.63004510557542,11.16666075062216,19.427553707911592,67.61109827312151,37.901966159449216,24.202491397663827,3.3714810283902636,16.536644931267624,0
202.4483046091096,39.806036281738734,1.3977079396866054,30.168741982804697,24.069365371878,57.51188451495318,9.637294298934037,17.551695390890387,22.893201616333943,0
192.9702934362997,41.5909212265392,6.294583723559637,20.951462115979297,85.03814468839279,29.433304084506176,20.639459110559905,27.0297065637003,12.241582316154709,0
228.12194092307183,49.283166923752376,10.465691525263502,29.461780280691723,35.57647309242125,89.60241822179748,19.821386643060652,8.121940923071833,44.15890933996717,0
231.3873274045397,45.771564962177166,3.7656629795068826,21.402711684537095,89.97712436694646,17.683190139390874,24.36885327764007,11.38732740453969,8.093872862036601,0
211.3523439890992,39.06188591931295,22.741563031777034,23.74116861998405,32.00658856510309,49.99441260709584,15.320717299328898,8.64765601090079,19.52876041861439,0
181.13436561782635,43.34368589682368,18.404373547626555,36.82532245130553,74.00825201186643,86.4480042509401,6.518363445518148,38.86563438217365,37.46975142660026,0
211.80633327621277,45.7857702971915,6.438892810266544,31.979844381120838,35.638878145073754,65.42595049791122,13.80592591607066,8.193666723787231,29.95577540972785,0
225.8770600810382,23.71265905585188,14.17930880442998,29.922684629493222,25.65927611502778,36.309656425837005,-6.210025573641342,5.877060081038195,8.609985032609943,0
197.81632646838807,49.58168114788699,17.314779770629727,37.03171178456521,81.24533270454542,47.86841869988147,12.549969363321779,22.18367353161193,23.73396673031074,0
222.75039879668734,35.20278775283193,22.59069429376315,33.84486874677878,80.11258814336243,73.60249423082632,1.3579190060531516,2.7503987966873353,25.910129824868157,0
219.77035226240505,33.46667596794255,21.159248380209856,41.57250633001094,48.24992747147209,97.59346690275095,-8.105830362068389,0.22964773759494506,32.66128933422492,0
228.6893724940163,28.1265565288929,12.364613427317128,26.32112590147888,69.16772997782988,90.38248465414901,1.8054306274140188,8.689372494016311,25.42148063846717,0
221.7937055262123,27.0610750213211,18.591662875032423,26.56292017177993,58.9946152878742,40.818952754413914,0.4981548495411694,1.7937055262123067,11.046047427789565,0
205.40396588677666,31.44552496887711,13.49147409186204,19.591125868869238,79.7069279571624,99.83780913590718,11.854399100007871,14.59603411322334,31.394523200211566,0
237.94857252496737,37.9097904236951,13.264893361092962,26.56815426102064,42.05391785230581,10.315419717795244,11.341636162674458,17.948572524967375,3.9105539963406977,0
217.62205640459544,64.53259137526568,2.7538070001166055,37.71815915441957,56.65706799992896,12.486678022757358,26.814432220846115,2.3779435954045596,8.05797690477111,0
219.59043190735102,39.74120324104796,3.0273037923876496,40.39989897809707,53.97606598431853,84.14564636540744,-0.6586957370491078,0.409568092648982,33.44049234057006,0
206.00098061390207,46.777501062680315,12.708806760538979,37.682441344693345,44.773407837980116,27.951641814974682,9.09505971798697,13.999019386097928,13.075079547036378,0
213.35076623212734,49.004813865063284,6.4526770794961585,15.64646506760451,82.40185451894607,15.469234155661677,33.358348797458774,6.6492337678726585,7.580669404332799,0
206.7279592895965,46.31065186215849,0.5048856590512472,38.665161701285875,31.611454726377485,31.3433265912852,7.645490160872612,13.272040710403502,14.515298859709437,0
217.40580910114866,44.225565392740066,17.348140893605095,15.291851013823434,30.46560476644873,48.34901385827742,28.933714378916633,2.5941908988513376,21.382624740637436,0
245.67562720213516,33.04706236400755,0.779678320563959,37.18493859297878,60.38366747259259,75.75096433900643,-4.13787622897123,25.67562720213516,25.033468426448575,0
199.42148285602966,59.50927548279212,14.286644186497309,27.05772378743156,66.02459609894595,66.1901973896085,32.451551695360564,20.578517143970345,39.389306907186004,0
195.7965790318489,63.07196643637885,12.940651059055545,35.620266511470845,33.623347802719564,31.38590958043784,27.451699924908006,24.203420968151107,19.79571035632597,0
242.06755491240412,28.173413058773143,23.251552573867308,19.340413216843473,47.35022095782369,55.294340329052595,8.83299984192967,22.06755491240412,15.578302899027767,0
216.860144842722,34.7597140911362,11.6211153443434,39.36934106164917,86.25946900851206,93.35926948587118,-4.60962697051297,3.1398551572779922,32.45141515086218,0
209.96390892010126,42.20189657622994,1.5264344730671366,18.28020203116089,37.263219588347184,83.35069992853819,23.92169454506905,10.036091079898739,35.175576179405454,0
235.59857031094114,35.35462205089809,13.24051122735508,24.65236071317458,66.78524914821759,39.08708063486141,10.702261337723506,15.598570310941142,13.819089629185028,0
210.91576690394703,50.05965553455865,20.186308094786433,22.01524297784772,71.81045755883136,98.40381052201266,28.04441255671093,9.08423309605297,49.260608580199325,0
247.39014570320404,37.71727797593387,23.92438282275456,15.965721177420008,51.36900896256117,73.77583603916179,21.75155679851386,27.39014570320404,27.82623715795985,0
230.16888807008903,66.65056067806603,10.328236168537739,30.756220540707748,85.62681907317081,15.620442010010361,35.894340137358284,10.168888070089025,10.411112180064071,1
212.68132887781445,56.90548594343596,7.68716981992182,44.44871294269569,71.56597146531533,13.16446419597748,12.45677300074027,7.318671122185549,7.4913023225706254,0
252.35962319898255,47.12574030632215,21.759679126847974,51.335241778560075,52.054720590262846,25.1567154109027,-4.209501472237925,32.35962319898255,11.855288374142528,1
210.91427615494993,55.26986263319732,4.589811097826913,30.77724629668998,59.85346412432658,75.50702812451321,24.49261633650734,9.085723845050069,41.73263072282812,0
231.1314305801396,56.059004243573085,14.770293960790239,38.93345020054018,68.48294103975704,26.53650332581851,17.125554043032906,11.131430580139607,14.876099525516514,0
224.48938870609737,39.36052511941757,9.737146180342744,31.856757103428297,61.453312630045275,56.033809228795015,7.5037680159892695,4.4893887060973725,22.055201556866383,0
239.52611934098198,36.83782755458035,0.9859767589333268,33.9910655581457,81.50883086782531,18.39341081627486,2.846761996434651,19.526119340981978,6.775732957904862,0
243.4226679509028,45.78143062969647,8.334923383336747,27.26281079098209,44.98220635962808,92.87975420471756,18.518619838714383,23.42266795090279,42.52168024026536,0
220.4800622359865,53.616361244979444,6.36548454006419,31.560615403380815,40.99200180390635,40.95645522252108,22.05574584159863,0.48006223598650877,21.95936098524515,0
208.69873194480724,46.390603986534174,16.466187694643686,34.29982963685143,34.9687222646685,91.73188509045677,12.090774349682746,11.301268055192764,42.554975541696386,0
226.89958214408674,29.230035178090027,22.770971944606035,25.37232216898935,22.64480776452166,95.03880777194898,3.857713009100678,6.899582144086736,27.779876944578046,0
209.8342694537184,36.97175556049157,6.433132497087306,29.380045600856096,23.010977506603872,10.55157825823127,7.591709959635477,10.165730546281594,3.9011037214072393,0
250.20080871289935,44.26027136405622,19.47518253964036,29.532559048020094,80.9038635176498,51.772166847885885,14.72771231603613,30.200808712899345,22.914501537926245,0
222.04802996624107,44.2433439567417,1.3286356065218285,36.611226538644196,67.48752024841352,12.21904501362036,7.632117418097501,2.0480299662410744,5.406114113605152,0
214.52017673031838,64.72542176789808,12.914904240955515,21.471742626978553,66.23726908055403,91.78234896726153,43.25367914091953,5.479823269681617,59.40651247754408,0
222.77020458797364,31.14012057601002,1.69320152903747,29.587662331138787,63.02499732544202,56.656679026111824,1.5524582448712323,2.7702045879736374,17.642958163094203,0
199.79310565705455,50.055892418358745,22.416791787135345,45.29604375242158,79.44534012858733,16.744961142864714,4.759848665937163,20.206894342945446,8.381839735168336,0
205.42578942234022,59.8911310832829,18.392430733377367,39.3124812206875,53.618684796593925,19.92490554489102,20.578649862595398,14.574210577659784,11.933251298110983,0
238.0062086191664,67.71449745422797,15.790797868910216,40.79343239110964,80.92875799908103,44.51581220434652,26.921065063118327,18.006208619166387,30.143658521841125,1
210.14658581542906,40.95602576816039,19.773513158991943,30.195454721424273,45.161151832756744,94.62107735856006,10.760571046736114,9.853414184570937,38.75303282508283,0
204.2963352597709,49.914294527201996,15.540475093683916,32.56798050948819,84.86952530373634,72.36182364112727,17.34631401771381,15.703664740229101,36.118893777486754,0
228.0497912879093,50.69760357198647,23.254665532182987,38.0178893336234,68.90598860568682,88.08569795702192,12.679714238363069,8.0497912879093,44.65733795386836,0
237.78556231994494,46.95481731553291,17.134990748754518,42.48204423624745,38.002399521709904,42.981098170598166,4.47277307928546,17.785562319944944,20.181696126214224,0
230.784299659976,44.01154798760694,22.19180662997392,14.387176696936907,59.48594451820376,13.889232959499848,29.624371290670034,10.784299659976,6.112866429080795,0
234.94071528708724,49.35975389500046,12.411165408255313,19.476469543601233,57.31213930417789,97.68858734839726,29.883284351399226,14.940715287087244,48.218846298671444,0
208.6480736714581,19.677539147803145,2.8095459115647037,40.475552811221185,29.652917521123378,11.54556915961326,-20.79801366341804,11.351926328541907,2.271883891219586,0
198.67283999887235,51.820694900626314,12.67626531415241,27.784885153849572,61.38700340254299,95.28864877729801,24.035809746776742,21.327160001127652,49.379239957812985,0
242.5200047793323,46.26177903661967,3.0449478735142392,24.626233685935382,42.034993660187055,43.18096814642303,21.63554535068429,22.52000477933231,19.976284069771346,0
215.15980241736796,42.77525103221735,14.219843500233722,19.966712104035167,23.66441367667217,10.908136451969337,22.80853892818218,4.840197582632044,4.66598275026669,0
216.23750475317428,65.46862195719558,11.57983345266391,25.559866387647126,86.40593103945955,72.02415085520575,39.908755569548454,3.762495246825722,47.153219041274895,1
239.92291212773586,38.250659812094476,14.941809547986761,18.7810457326094,64.90432583450016,98.24862736282188,19.469614079485076,19.922912127735856,37.580748222605365,0
228.3434501410099,40.96924010934969,0.24112754531595826,46.72875418185981,81.38432523095929,96.90631505538333,-5.759514072510122,8.343450141009896,39.70178089616289,0
226.83831658122412,64.91553302204734,4.676171799728738,29.820511584155412,67.32392035092772,24.48433100821766,35.09502143789193,6.83831658122412,15.894133980866911,0
252.47503517351626,36.679386951501435,11.79193036589114,29.536395665898258,44.98885844980791,26.312302545953948,7.142991285603177,32.47503517351626,9.651191266680211,0
210.34722654429785,39.49884717063461,22.812085478139238,34.704613401342655,55.8881650630168,60.898502315769406,4.7942337692919565,9.652773455702146,24.054206358911138,0
233.91760192121856,43.5297457656915,9.206616968523802,37.69876135413256,67.3022732243024,67.3574343785492,5.830984411558944,13.917601921218562,29.32051993927495,0
220.85519687345626,53.407344821295496,10.184928625287231,37.567105252437116,87.21766276410062,76.5476122299279,15.84023956885838,0.8551968734562649,40.88204721610576,0
224.02888418294884,47.078025073533134,17.152706136158933,38.588975551260575,37.756862138518756,26.294532442493274,8.489049522272559,4.028884182948843,12.378946576245287,0
242.92702639618798,32.07374652847737,14.491026174866832,24.95323559367315,81.24839410368824,96.3106378087991,7.120510934804223,22.927026396187983,30.890429850754117,0
227.61753634434436,39.6783143687281,7.174227602359998,27.61706556034511,84.68544637059885,67.48653306603141,12.061248808382992,7.617536344344359,26.777518746495584,0
228.0744411857445,38.92645566787789,9.859593493618267,36.152253243538205,66.92908602612695,86.23422269834994,2.774202424339684,8.07444118574449,33.56792646921228,0
236.08761005964703,44.22778954776955,5.224795172573579,25.78088750688304,85.18866391809365,58.60591437557546,18.446902040886506,16.087610059647034,25.92010047257553,0
214.52570905685673,49.25843658629829,23.184515019125005,29.9591469437822,47.851501123415794,47.28491628308943,19.299289642516086,5.474290943143274,23.291810502189843,0
207.4118549899149,49.18205755887972,3.1352251573766337,33.19011011539851,86.71113232283099,97.94646159354964,15.991947443481209,12.5881450100851,48.1720851178256,0
204.3278620896845,27.23988245951598,8.924082829594067,36.28148065848301,69.19480140161824,62.39092337378524,-9.041598198967034,15.672137910315513,16.99521419242578,0
190.50465115935998,55.639409875608564,0.6201353332802686,15.77855230103839,22.940403719316834,88.0186224519261,39.860857574570176,29.49534884064002,48.97304211289159,0
250.84310694910482,47.52568845996623,5.322707806405114,35.71796519911156,83.48109822733369,95.79631567296609,11.807723260854672,30.843106949104822,45.52785854285967,0
203.45187451417476,58.84532047593906,18.73130732112372,28.130207537186195,53.91309663232348,70.78191643077933,30.715112938752867,16.54812548582524,41.651845562703464,0
216.6811956462134,49.44198327290672,4.828205574933107,35.65966168691505,52.2228889344483,59.404481066680745,13.782321585991667,3.3188043537865894,29.37075359234533,0
215.8478005016662,56.01322957735762,1.9215216606951744,36.21545353883863,59.6526624185744,10.315976581958555,19.79777603851899,4.1521994983338,5.778311645998895,0
224.6111004671365,49.66545311450127,11.386876316268559,42.86332048895326,30.456918273985956,13.60176766651054,6.802132625548005,4.6111004671365095,6.755379543154186,0
232.23605818808946,58.46225756202748,0.23926163362844388,40.82762918096962,52.8416233997179,28.07660944460047,17.63462838105786,12.236058188089459,16.41421972818686,0
232.90710232539618,50.22250636017779,2.034387706231996,40.77257330088237,78.17890517024219,26.740758867039574,9.449933059295418,12.907102325396181,13.429879322758756,0
211.25383842146593,44.02084753557096,19.3830208695114,41.54936255332991,21.083772139626074,32.92829156798608,2.4714849822410514,8.746161578534071,14.495313027211418,0
217.49317429320382,67.72434720446881,18.515360276630553,32.33103187852757,39.104201222705996,37.44411739278948,35.393315325941245,2.506825706796178,25.358784070741645,1
224.2386992573245,53.89037122279892,21.963331689717506,30.257480696294717,20.171821051069095,42.40589441956554,23.6328905265042,4.238699257324498,22.852693923052044,0
216.2696331072468,50.73744421004413,20.50837046185799,36.98253666542668,49.099791640489386,47.84839210619889,13.754907544617453,3.73036689275321,24.277051250285822,0
244.11018364029988,32.23695583461664,16.396213517755633,35.85664761146418,70.98208573456142,18.897970461041318,-3.619691776847546,24.11018364029988,6.092130391164788,0
227.36462427457377,32.11692382536462,1.2559885752159081,27.52747010609392,75.91402803802399,13.812573875750385,4.589453719270704,7.364624274573771,4.436173829996965,0
231.02316679074727,47.92715482141853,18.78836683167978,33.23858727046614,86.16328327889046,70.65500041657211,14.688567550952392,11.023166790747268,33.862931438724424,0
229.9432190300112,46.45521197768241,20.29225946017345,29.719228265723245,62.59532290795506,58.36013423587699,16.735983711959165,9.943219030011193,27.11132406973666,0
237.60210786227987,38.858774349916835,19.177971498526908,23.168536732319552,37.82388066570268,49.97297819981077,15.690237617597283,17.602107862279865,19.4188868345976,0
222.71532338055562,46.4098269961206,12.203496847392625,40.3236859310108,84.69035643956893,67.0995947051517,6.0861410651098,2.715323380555617,31.140805817759006,0
200.5475207806623,60.886269280435954,5.58964412758756,30.441593940240715,74.27210277162632,84.49114664831865,30.44467534019524,19.452479219337704,51.44350706642333,0
225.99531927628962,51.954024745502984,20.28791941652944,46.3896660615908,60.20999381022012,48.49236182045841,5.564358683912182,5.995319276289621,25.193733659879804,0
210.22964659312257,33.589914902472614,17.451907433763324,16.99606183840134,68.69481510032551,67.70075185467815,16.593853064071276,9.770353406877433,22.740624936320536,0
212.07074977375365,43.884911728570565,23.538268185332438,25.54576981725307,84.70214485052004,95.82150014516428,18.339141911317494,7.929250226246353,42.05118075569746,0
228.7954602813264,36.950335191474394,3.73662234614239,30.261110693526973,69.86758199310452,85.56620462754047,6.689224497947421,8.795460281326399,31.616999420499077,0
238.57424607150455,41.12300083591439,5.415949993249321,39.099048781031314,45.78621553093138,48.34007294521685,2.0239520548830754,18.574246071504547,19.878888601343153,0
220.31907365104092,40.86384334370357,5.083155597156065,33.19575498081748,69.91197416023677,68.02451540332686,7.668088362886088,0.3190736510409238,27.797431409728993,0
224.63249518898445,40.22354417395995,19.02095442291208,32.48378203344601,22.81947139147715,25.93638297243458,7.739762140513939,4.63249518898445,10.432532462044652,0
245.53322416952858,32.44864628026605,4.485775114802836,20.981889659566825,47.04908932814068,60.44699664055809,11.466756620699222,25.53322416952858,19.614232126938997,0
223.61129769232852,43.7234531848181,1.5998359157593462,20.74446882216423,48.442612229190544,98.31954620245985,22.97898436265387,3.6112976923285203,42.98870075535813,0
259.0252467127059,39.3939236315269,23.965459358055085,32.58003728231924,31.678676409458426,56.648360368227,6.813886349207664,39.02524671270589,22.316011821971497,1
228.48264468447317,15.70551309997732,0.5956130746835795,19.08715204945313,21.615983638623913,93.48744692711325,-3.3816389494758106,8.482644684473172,14.682683223972116,0
193.58855861266272,65.52972024501663,20.045857443812775,25.74497799768537,29.336686564641997,46.660142845293464,39.784742247331266,26.411441387337277,30.57626107244595,1
231.30012431656797,55.88769654216672,8.768804197215667,34.00733863268686,65.82350470579385,99.89603444661681,21.880357909479862,11.300124316567974,55.82959258918354,0
225.71737577324166,41.23699275075004,20.198771034187565,22.141405821785792,76.16021714545812,62.1298031704802,19.09558692896425,5.717375773241656,25.620462429466187,0
239.34629131124117,45.188190497405984,13.31089178906748,42.84284769889445,89.17424449088819,13.80420948123411,2.345342798511531,19.346291311241174,6.237872477041049,0
230.09772026904938,33.28345652682438,21.63914950767264,39.79149075390312,44.2454452175946,62.80793170222493,-6.508034227078738,10.097720269049375,20.90465064350758,0
217.9231602402434,61.95722877810866,22.22863167395104,17.428640013293595,61.95654555827712,34.71154261116369,44.52858876481506,2.0768397597566093,21.50630986800936,0
201.63552645565952,63.97288694773111,0.21835635073862392,22.541030054544102,85.60014767705853,12.923318983230523,41.43185689318701,18.364473544340484,8.267420243036735,0
216.8646511407096,46.56693728246525,1.8098922238269184,11.7137820440404,31.692924693670683,83.8767974225197,34.85315523842485,3.1353488592903886,39.058855650285174,0
207.2421931868605,55.235306441853446,6.008609509700531,23.739269099614933,70.23519104399199,34.815667328268034,31.496037342238512,12.757806813139496,19.2305405385451,0
211.29214825292917,46.75286778933924,16.06356999272404,36.131107812579195,72.84851132044142,81.68936986418487,10.621759976760046,8.707851747070833,38.19212309054669,0
228.82867606630916,31.632745611240694,21.318532716276145,26.688840461801146,26.228287510853686,35.93958246602803,4.943905149439548,8.828676066309157,11.36867669522071,0
245.0485675652711,40.881766310363425,11.038606831055105,33.68637794892774,80.28745696281456,27.489371848639685,7.195388361435683,25.0485675652711,11.238140759347708,0
225.92007294734472,46.31927966771957,14.567354790582371,17.82132545374605,76.91735329775906,97.65420166939847,28.49795421397352,5.920072947344721,45.23272277852755,0
202.06175406947224,40.45452281256556,4.523996467093467,36.38380203665524,22.338210460420413,42.54807949795176,4.070720775910317,17.938245930527756,17.212622526807426,0
226.6690400233021,42.81346722564964,19.319204013160448,25.5591261765732,26.375909041603602,64.12385902988444,17.254341049076437,6.669040023302102,27.453647369581354,0
237.94947229968477,44.08600442490886,23.215874672483274,30.097357458263243,23.438882572429662,64.89833435330243,13.988646966645614,17.94947229968477,28.611082554689055,0
210.85325643520926,44.191215021345386,6.446374389950339,29.25700398885558,43.43204722595536,60.44261339561516,14.934211032489806,9.14674356479074,26.71032525017681,0
217.98974249990624,45.522584904974835,11.87582283841311,19.827611832861727,55.65022934759483,92.32261691690931,25.694973072113108,2.0102575000937577,42.0276416724947,0
220.22032292093795,34.39394933603399,2.066786652152971,20.775325346081743,57.264340956824014,70.69969642301817,13.618623989952248,0.2203229209379458,24.316417768462703,0
208.2265253037664,37.82983850872064,13.41927975511124,37.74235575202741,38.73667318386099,46.335970369443714,0.08748275669323391,11.773474696233592,17.528822762209202,0
229.7242065076579,32.15415734300031,12.066802604320333,33.19193726001357,83.81178205921918,87.61423460718466,-1.0377799170132604,9.724206507657897,28.17161885045958,0
218.18577777088328,54.778155496862006,3.4664756197218622,38.400392332427415,45.778395291033924,26.295660920436795,16.37776316443459,1.814222229116723,14.404278027924443,0
226.29298665860543,23.943530581596754,10.6095891148338,32.597265884020146,23.188510917574675,58.98130818493757,-8.653735302423392,6.292986658605429,14.122207562686356,0
206.6876173329685,56.53590343316925,8.018511650077517,31.143925078473732,41.01589780789705,95.54953347493807,25.39197835469552,13.3123826670315,54.01979197623472,0
213.43812549514885,58.86349397262843,12.523941007324545,16.19191505066587,57.17765957809088,66.28578668923714,42.67157892196256,6.561874504851147,39.01813005252845,0
230.83572036741657,41.97819413017378,14.05570405029118,27.837066425910642,48.575527581176246,83.52716054273886,14.141127704263141,10.83572036741657,35.063193604052834,0
214.4075027186235,18.968629121727012,0.2038938865730282,29.780925436770048,39.16897633694814,68.82046529906737,-10.812296315043035,5.592497281376495,13.054298822426924,0
245.90445776850106,41.38689438032709,18.264143590789327,45.624857586180596,29.19262748350222,85.54337771841013,-4.237963205853504,25.90445776850106,35.40374738568266,0
214.00545721578095,44.35815838711181,17.11234300468178,35.49565305678942,77.34151500673607,95.00390918607192,8.862505330322385,5.99454278421905,42.14198451070564,0
223.3702708862783,34.89401780071087,8.790873268956533,42.28848945367623,89.73016694869344,34.56295547794631,-7.394471652965358,3.3702708862782913,12.06040383692636,0
233.98886247809634,39.84781606191757,1.2704624536516382,34.78030164715783,43.067949346671746,25.269497313104697,5.067514414759742,13.988862478096337,10.069342809097162,0
198.72451400600454,60.30195198863351,18.118380954841207,24.309574184404166,46.71347309236228,53.559167529928594,35.99237780422935,21.27548599399546,32.29722348940933,0
193.58786782028835,51.64927162301741,22.924203851475177,30.93699372919881,63.262626727386994,73.16761841417943,20.7122778938186,26.412132179711648,37.79054197483244,0
197.11515528144858,35.754358856219,5.763638304528341,31.889789170113865,70.2909032314879,30.44721278639945,3.864569686105135,22.88484471855142,10.886205721365856,0
238.93876155140774,29.02400830404568,7.764590729688909,22.486755441834546,47.44206743625139,10.369130538715037,6.537252862211133,18.938761551407737,3.0095373086139885,0
211.7221278116133,41.729826823902286,4.411509347563559,26.92490098725663,83.34506618872706,40.86416042530348,14.804925836645655,8.27787218838671,17.052543378520753,0
258.3729892850238,42.86543220649562,13.846466960276153,28.353864050582622,59.20027924602429,97.19734019210097,14.511568155912997,38.37298928502378,41.664059966561965,0
211.53628602013916,49.96199187363317,3.7161934715389187,42.844958660520945,51.52730534841517,72.5470714545262,7.117033213112222,8.463713979860842,36.24596194466923,0
222.76826954795555,39.64683287432341,8.548654643073107,13.354075796872173,65.26709272119336,46.119289954710155,26.292757077451235,2.768269547955555,18.284837811168558,0
243.13164928851813,50.114995753618615,16.728312334422313,39.646547365728345,86.69626937744212,27.331848761215632,10.46844838789027,23.131649288518133,13.697354846068677,0
250.09139332238684,64.35154040060229,13.442783592224362,22.50563812032494,75.6186606095194,42.048070637927225,41.84590228027735,30.091393322386836,27.058581164239527,0
250.92255364954596,53.15501022444263,9.275101543870445,19.023366501843086,22.800919137458703,25.285548997112315,34.13164372259954,30.92255364954596,13.440536154721501,0
238.12549345889713,44.519114926692275,10.085990443381005,39.43953704030771,43.261693751797175,19.567523918165627,5.079577886384563,18.125493458897125,8.711288461436155,0
235.36093788717193,43.16849528946705,13.490661182957508,35.85518455387505,52.93812794658559,91.60681353152985,7.313310735592005,15.360937887171929,39.54528298418933,0
228.88790423801774,41.433268658201285,0.14075346929187127,40.03614961904952,42.01623005463737,99.78853045379262,1.397119039151768,8.88790423801774,41.3456499129909,0
231.67541614249956,56.806409124521444,1.8842368428866365,36.40561558036461,69.01312925813195,24.77029956362113,20.400793544156834,11.675416142499557,14.07111771148017,0
211.732214255072,38.72686554048697,21.15019362631228,46.47876001389922,77.83884049038068,14.907030299045175,-7.75189447341225,8.267785744928005,5.773025579990877,0
207.7270167486654,45.45222708999982,1.8690957381909783,34.469790695555886,71.19415666296901,39.67579964315911,10.982436394443937,12.272983251334608,18.033534553582015,0
219.9493831388357,45.511979018810855,16.963286309052123,28.74818099101473,89.25333007797927,51.54932626852738,16.763798027796124,0.05061686116428632,23.46111855567053,0
217.44723066212606,39.98215807188468,22.080915938617263,32.74341101857074,39.07833535251204,28.433912236826902,7.2387470533139435,2.55276933787394,11.368491736549094,0
213.20157926009088,31.275344521158992,6.496406503241547,39.94775302676771,81.2492646517095,37.12824206187026,-8.672408505608715,6.798420739909119,11.611985619499789,0
230.44581171185072,48.22974503617668,8.891794489428342,23.764997397919064,73.66358656221404,28.078366212249193,24.464747638257617,10.445811711850723,13.542124434491766,0
234.32957812855767,44.389960281446164,13.654113740273191,24.784891339748953,45.352513029070224,79.68345115892062,19.605068941697212,14.32957812855767,35.37145232033042,0
221.3261032943777,50.0024046943657,21.161015271326033,27.528319883216742,71.38871805598781,74.13201489225347,22.47408481114896,1.3261032943777025,37.06779009451203,0
242.1629512158289,39.66399693560833,22.605734094250085,13.163337609877342,27.285316949277288,67.14563641848835,26.50065932573099,22.16295121582891,26.632643171423933,0
202.87466328799744,57.20821298813048,17.749517954670434,31.104627267340376,75.25334376383867,44.84960713712843,26.1035857207901,17.125336712002564,25.6576587753482,0
217.09510811080423,36.23226218788155,2.0788742605126567,14.91097036839179,57.26314218109719,91.81368471828124,21.321291819489762,2.904891889195767,33.2661749714826,0
209.24766519095792,62.120402840178926,16.05969973283642,30.424474503460953,40.46031208964772,97.2579287381518,31.695928336717973,10.752334809042082,60.41701712615405,0
192.0019507439041,27.523634901717383,9.84728932494389,36.922318049082,65.90441112489262,25.62753813628708,-9.398683147364618,27.998049256095896,7.053630030930043,0
218.75978971235952,49.347700645568914,11.296823987785478,26.184988314849313,64.91339991000862,30.071137727069022,23.1627123307196,1.2402102876404797,14.839415026270759,0
218.17378737425074,49.754306825266234,1.179561368284249,43.416926961494966,34.66403559037198,57.30679252003327,6.337379863771268,1.826212625749264,28.51259738213607,0
242.70174614863197,37.04442932059118,4.585491344312596,18.315992804652097,22.12781903680683,18.212551235402074,18.72843651593908,22.70174614863197,6.746735669874977,0
229.46217526832166,49.24393937861012,18.972326580807547,39.53008545305466,50.35358108311717,49.28035589408015,9.713853925555462,9.462175268321658,24.26758858204415,0
204.63719763506194,57.795186697601586,10.895011993148636,35.40109645125537,59.86583085410948,62.361213829993915,22.394090246346217,15.362802364938062,36.041779959935525,0
247.81138849501284,22.831811606459354,7.2398937991475725,16.27173401351449,81.36236948594188,56.98662140235998,6.5600775929448645,27.811388495012835,13.011078039473075,0
238.3155054328803,50.02744807490814,9.216457775158997,51.68635439232426,84.97517569533161,39.78177247702234,-1.6589063174161183,18.315505432880286,19.901805569220453,0
228.73146555202925,20.067291796699223,20.505588319816326,29.49003771596827,57.01636527097365,58.82012254694862,-9.422745919269047,8.731465552029249,11.80360562667225,0
216.60273851725253,35.34335196476792,17.975976417718964,22.980127822754945,72.76624386379814,96.29208588329631,12.363224142012974,3.397261482747467,34.03285082795002,0
205.6084114491478,61.29166364900945,6.535569532345987,18.743302441727863,50.75122906295978,28.541566386223845,42.54836120728159,14.391588550852191,17.49360086960306,0
214.4168983589342,39.18217966607946,2.8200441650969594,28.239855778722607,72.22575096010252,68.93482225546032,10.942323887356856,5.583101641065809,27.01016590862699,0
236.3312292955628,33.261200355910276,6.047957319457721,28.98074502088032,34.33610674574169,13.905702474044666,4.280455335029956,16.331229295562792,4.625203560788769,0
248.26879458901914,43.020622710153184,22.098154825313607,30.821164228317315,45.9745314362472,15.977476403329144,12.199458481835869,28.268794589019137,6.873609842079984,0
243.14865292408282,65.67906338163553,13.958132108394128,27.61763075020832,64.39595991695305,59.66454018012265,38.06143263142721,23.148652924082825,39.18711116126415,1
212.66725867320588,26.68317752793974,12.80352500987479,35.06580248092075,21.271057592495517,19.444526229515454,-8.382624952981011,7.332741326794121,5.188417453288416,0
203.20573850066484,34.48690088360655,14.313446392619078,26.89896133869403,70.57229172372678,12.01121095841716,7.587939544912523,16.794261499335164,4.142294418150214,0
222.11329370366806,59.974316831796266,8.784678377916366,14.520287062076232,78.48748508877168,25.436169788321997,45.45402976972004,2.113293703668063,15.255169058721876,0
193.47340951655724,63.57702343537733,19.370568487668308,28.80510803480287,47.9399162765766,60.8364253899617,34.77191540057446,26.52659048344276,38.677988427421795,0
224.84751571277172,43.96568775709716,12.558869983205994,11.060178773013774,51.3559692024015,73.30068590670392,32.90550898408338,4.847515712771724,32.22715068955197,0
217.78596120551998,32.60947297473358,2.801949666451093,32.83016504713112,79.58975485515717,28.2230707727242,-0.22069207239754007,2.214038794480018,9.20339463627143,0
213.00945247197637,65.95843501809159,3.097562995897511,22.165598157738916,74.29582447282235,70.14334934873571,43.79283686035268,6.990547528023626,46.26545549969882,1
196.07945399099808,60.94442391749197,12.884619516062841,31.306882839326406,40.17046423233625,26.42286979893064,29.63754107816556,23.920546009001924,16.103265781427247,0
227.70400159854574,51.78946987762233,22.47768523370014,40.512599852196836,42.678327459307724,65.21116839681315,11.276870025425495,7.704001598545744,33.77251841371312,0
212.00948740507133,36.8759765106258,7.40045092022877,22.410010437856,67.52147626734177,47.0763711906219,14.465966072769799,7.990512594928674,17.35987158230874,0
202.45124746434567,44.50970659161963,20.86898805262124,38.49005006809694,59.423866471371284,68.8419558400255,6.019656523522691,17.54875253565433,30.64135255632771,0
176.91606680077527,43.396399189551694,18.338294077893103,26.532883466510775,31.356069976754785,99.55474772313225,16.86351572304092,43.08393319922473,43.2031757340816,0
219.58727642424046,48.30851304615578,5.947498629765764,44.02555841652468,41.69509364604165,94.40352687093058,4.282954629631099,0.4127235757595429,45.60494009447468,0
246.58377395004615,59.51001438131336,0.8721779595898189,27.078779094414294,82.99882938150579,10.385358205249327,32.43123528689907,26.58377395004615,6.180328161494782,0
244.91888821821806,53.79417041137403,2.4443343634171857,23.276056115946467,68.17221057055843,89.68948879260752,30.518114295427566,24.918888218218058,48.2477164421855,0
213.14355615120593,34.226239230152416,17.483854412338566,35.497907603162304,89.01820223798636,15.984171565728987,-1.2716683730098879,6.856443848794072,5.470780799044402,0
210.96681909457328,58.764964500195376,4.792073712975521,26.513682163010913,73.69087709865386,95.77419275438605,32.25128233718446,9.033180905426718,56.28167037246365,0
227.03161384112536,48.131321400131554,8.910502092129452,23.26840388696793,85.93821025005131,35.36431111897163,24.862917513163623,7.031613841125363,17.021310245614693,0
205.02421841217563,51.87065795858916,12.040779984154195,26.17728119436967,35.13320017093328,44.38313473701439,25.693376764219494,14.975781587824372,23.021824010736506,0
224.526878497292,59.66540859278603,17.411236042803907,29.643147742535987,74.0039412371848,18.247438465815506,30.022260850250042,4.526878497291989,10.887408718346029,0
231.49120417577035,33.88419750486449,2.717549358219009,40.73744104995883,21.41522641034582,20.104548249601862,-6.853243545094344,11.49120417577035,6.812264836355871,0
238.4039983582646,44.64174421293537,9.752793726659075,14.527298036323383,66.95320151980738,75.40665087063877,30.114446176611988,18.4039983582646,33.66284420121176,0
218.4976888528007,39.68545448640785,11.641749819424689,30.184645271603365,52.8497594684169,94.98990121734624,9.500809214804484,1.5023111471992934,37.69717401429372,0
216.9448937473455,29.32140574634544,12.979849535316951,34.999228757232345,44.2732050344048,64.96736454588785,-5.677823010886904,3.0551062526544968,19.04934456120715,0
206.83026119865158,48.467099776049196,19.6406553934852,31.547588599934368,80.36830466051623,74.42650139741299,16.919511176114828,13.169738801348416,36.072366692106804,0
207.5967946894021,70.11556551584424,4.120276681037206,40.47892135546827,79.79873848602715,78.57727701374381,29.636644160375965,12.403205310597912,55.09490214513796,1
216.6028166214771,26.59922255494247,19.387954843838934,29.405237361931807,21.56111934290505,33.653284709764755,-2.806014806989335,3.3971833785228966,8.951512096998753,0
225.51048260224266,44.6771938895053,16.629082264719653,28.52358846251244,62.66535857146017,14.070666782819343,16.153605426992858,5.510482602242661,6.286379080106415,0
233.70376939349873,51.40542935074774,13.340899540775023,34.73863637610675,45.74825570246695,10.168546952725173,16.66679297464099,13.703769393498732,5.2271852197807505,0
207.9523157397948,46.23078201656181,16.788668889661725,30.794510519610796,49.09627010503144,41.55843546586168,15.436271496951015,12.047684260205187,19.212789709716027,0
242.39032853439284,43.86871947484259,9.888425734839753,26.876730093756233,78.24285174531431,31.73178053792945,16.99198938108636,22.390328534392836,13.920325788556967,0
215.93314598436146,32.007836365541756,3.3215420632349897,34.129152316691034,41.68878400693748,15.608595254426708,-2.1213159511492776,4.06685401563854,4.995973627996617,0
219.67949058477345,47.327867429401635,15.978365766368816,24.77977365426684,86.0134167446334,26.157546324430008,22.548093775134795,0.3205094152265531,12.379808847210555,0
208.79182481278264,37.43236022984074,12.592135360454934,25.110582783845384,32.57436784604985,21.2049008441153,12.321777445995355,11.208175187217364,7.93749487034978,0
183.63639609590587,23.100782950214466,15.344995213026612,25.77604782587509,66.39056963577244,92.33905425556333,-2.6752648756606234,36.363603904094134,21.33104450185846,0
233.26068094541574,56.94592220513731,8.11197074468376,40.82455328133126,67.04735469096353,22.624049211325204,16.121368923806045,13.260680945415743,12.88347346353323,0
231.0526584563865,54.58385819842042,21.76479785615606,4.231869152114292,37.65366129995427,58.38836175889113,50.35198904630613,11.052658456386496,31.87062058685387,0
215.7800866432268,45.5166097685108,14.096876845813846,33.164790678103536,42.732542627704134,63.37953596009481,12.351819090407261,4.219913356773191,28.848216056049328,0
221.00486075837307,47.29074688205703,2.049659622980972,30.27417451360178,78.43589448059583,58.91405119377704,17.01657236845525,1.00486075837307,27.860894828014597,0
227.7390882655615,55.74318012715561,10.795295776906288,16.55303632609504,73.32636784684667,18.915079079438918,39.19014380106057,7.739088265561492,10.543866602445565,0
196.56181214670187,47.24339656778083,18.152545313847224,32.47781423308802,43.03671162203317,38.69185255754961,14.765582334692809,23.438187853298132,18.27934534318421,0
212.06420983980559,54.040175547613146,19.059229481574537,33.80601593465226,57.37695828544537,14.614329921683794,20.234159612960887,7.935790160194415,7.8976095447852765,0
231.91397019432742,42.0251779912615,11.87032926633021,34.7171138508592,24.31762073771668,45.610292268668445,7.308064140402301,11.913970194327419,19.167806508242496,0
201.18565865246126,58.119837385739466,21.473941699951226,8.785375495640409,34.61221176790404,26.97390381444328,49.33446189009906,18.814341347538743,15.677189033540207,0
224.40336898249944,48.207857259326836,6.424042492663141,40.93111529483551,54.007439120227936,60.54692799559418,7.276741964491329,4.403368982499444,29.18837662302344,0
199.65127293064893,46.94051943605874,9.854368733718399,24.09810636252127,26.01816146954481,72.35275544641905,22.84241307353747,20.34872706935107,33.96275923285039,0
226.99644973650288,32.29938911287968,21.566325853655282,35.49254197402541,79.03326484243561,57.890787418423585,-3.1931528611457267,6.996449736502882,18.698370688786625,0
219.46537776553774,47.869558543017085,21.51016119531789,35.92859024545829,70.26043470753535,49.08130269502562,11.940968297558797,0.5346222344622618,23.49500292727071,0
195.77302276141737,36.68045082505549,16.45710645179234,22.986423315045656,86.05435694539463,44.86000787710232,13.694027510009832,24.226977238582634,16.454853129476536,0
237.47109031685756,38.617172734715055,20.615533130933283,35.2836796188124,68.5426834174819,85.75225912873034,3.3334931159026553,17.471090316857556,33.11509803166226,0
208.98112634802925,36.846243716838785,2.130558406949584,26.916054072701133,85.82809605835298,29.743125855874307,9.930189644137652,11.01887365197075,10.95922464186154,0
207.8462134447843,34.33765068100775,20.759879428986633,13.428982565294742,58.81587889836755,76.0796505575982,20.90866811571301,12.153786555215703,26.123964647799436,0
223.00853795846413,66.24771403016962,7.694877757205442,39.341935404222234,62.015302774337854,78.17340922661072,26.905778625947384,3.0085379584641316,51.7880965920793,1
237.22956024143073,58.31339061988403,4.279956298277192,23.79964029587008,88.38797382383827,47.728000654366106,34.513750324013955,17.229560241430733,27.831815456641316,0
204.76267271532404,64.20367502144262,5.744876072209112,23.164052298095566,64.94904028049822,36.75705393030754,41.03962272334705,15.237327284675956,23.59937945287106,0
220.92519774771958,32.77104980444436,10.03124419233329,26.77547305570622,22.155059820252262,52.34873374413777,5.995576748738138,0.9251977477195794,17.155229607287357,0
226.43224750495858,45.712537499108926,6.028608110507213,32.1778938026191,70.66619436413663,18.389253330342864,13.534643696489823,6.432247504958582,8.40619432443912,0
230.39658410894717,32.06492374795904,7.693622064395977,29.54183671342318,83.38280844961909,14.133702900618097,2.5230870345358625,10.396584108947167,4.531961057846268,0
222.6466233291584,38.04305122802936,3.23948366571941,34.384535397657366,75.69061748560287,20.04428795067026,3.6585158303719965,2.6466233291583876,7.625458733367204,0
214.49458241375015,35.81873016583425,7.1082423734159645,19.28408506777073,60.868329083779585,26.843052831600353,16.534645098063525,5.505417586249848,9.614840662023262,0
207.5861466902692,57.395840064415616,13.734811549008029,24.060909036554122,66.99124591654615,55.37591383042387,33.334931027861494,12.413853309730797,31.78347093631869,0
221.29215824569562,41.0377032189824,10.604488994185534,29.07202342142773,89.31342524761702,86.42229725450099,11.965679797554671,1.2921582456956173,35.46572586232889,0
203.91791482021588,55.68379333694016,8.321250269661867,45.18309834126964,26.34634619565368,31.20780987997183,10.500694995670521,16.082085179784116,17.377692358548707,0
176.1797427475809,51.04120889588518,17.914851092570736,29.089499692689934,66.70713800432677,94.16458096721003,21.951709203195243,43.82025725241911,48.0627404774086,0
226.548397062365,68.03638752104789,21.44423931343963,38.68177810929305,39.837838619941564,95.94171180415032,29.354609411754836,6.548397062365012,65.27527483739864,1
233.55902261629294,30.20555776860276,18.16294134965753,30.308441350274542,64.8063277610319,96.30141443606847,-0.10288358167178302,13.559022616292935,29.088379369468218,0
184.55601346687243,57.59233239786799,7.9680168508243,26.13073090049945,62.53365031187572,85.38064612086914,31.46160149736854,35.44398653312757,49.17270551737835,0
204.85403942935093,56.464408704007276,17.866612028101287,28.026204607084477,30.741978247571346,42.74425367179485,28.4382040969228,15.145960570649066,24.13529009071988,0
229.28731391507796,35.26621161972965,3.647524379377229,28.65264230376895,34.47226520181674,16.541551990236076,6.613569315960703,9.28731391507796,5.833578730064257,0
250.8624320456755,55.0713333647316,3.127631714190982,34.829165911685905,63.51407046302494,61.19368585898454,20.242167453045695,30.86243204567549,33.700178737567995,0
220.3119056151311,48.361449630262285,8.295048888867814,40.996890140612436,28.97609631126419,60.28132995435104,7.364559489649849,0.3119056151311099,29.15292502232569,0
209.079955881563,42.72523740046592,19.38485685705737,32.87744678149057,38.5626612591226,86.4978190398636,9.847790618975353,10.920044118437005,36.95639853100713,0
217.2565533834274,36.760645130280004,5.912357933815245,39.496621429934045,78.46718834166018,99.63919458514947,-2.735976299654041,2.743446616572612,36.62801073211597,0
240.62314628722277,37.80890548550814,1.51808181356831,22.281682098962516,42.896405420114704,55.73415759041328,15.527223386545625,20.623146287222767,21.07247496650352,0
210.31053731313196,65.49812095785926,3.161028844952522,26.682955929487754,54.16421093887641,41.06836279358058,38.8151650283715,9.68946268686804,26.89900593795188,1
208.0121199002462,45.006828189574826,20.609879244709923,24.205579726338666,85.87982346020883,26.73115404006403,20.80124846323616,11.987880099753795,12.030844571902207,0
212.75884716726952,52.82130001531459,15.210798833934902,32.515556726998824,35.900436218586236,10.431984233563366,20.305743288315767,7.241152832730478,5.510309689560822,0
205.70007087611933,37.09100618332447,6.07682792087944,27.12833291856469,47.27382121506073,55.82023232399912,9.962673264759776,14.299929123880673,20.704285822840596,0
221.84005473992192,37.201470537783614,13.327099807876351,35.838183496273565,62.45204428804819,59.99668000323362,1.3632870415100484,1.840054739921925,22.31964723505127,0
244.3701768770434,55.81984809249942,12.66191093820841,22.551986306940467,72.87372506527805,84.24446318356577,33.26786178555895,24.370176877043406,47.02513137540801,0
224.84618909674043,31.504237884484677,15.730463482575871,30.34424778657025,83.11573706988935,55.41192711035205,1.1599900979144273,4.8461890967404315,17.457105333222568,0
216.2146974681057,40.847862320947286,5.596501306118792,35.494863288098045,84.08310913014606,92.4821513799451,5.35299903284924,3.7853025318943025,37.77698186713002,0
215.62283096626683,45.34027411072232,20.745671692665546,13.477577799675117,74.36480520608362,66.5275128914292,31.862696311047202,4.377169033733168,30.163756704020123,0
196.55213786955014,46.11372601840053,7.424845489920308,46.97305045864162,35.98315856153173,85.63026143989748,-0.859324440241096,23.447862130449863,39.4873041492344,0
233.24664665720738,43.20906714983844,16.659159695429686,27.734784920960994,21.736653102979606,23.34715613269724,15.474282228877446,13.246646657207378,10.088088370954774,0
218.83244204480798,48.958197810959234,0.38699151293315737,13.799680690590616,46.86417512489366,86.98025172720833,35.158517120368614,1.1675579551920237,42.58396369707694,0
217.29280129614062,51.92855755817811,8.943771117459534,31.264751188614287,29.908419569147632,70.76294689994636,20.663806369563826,2.707198703859376,36.74617761080166,0
267.8966135176729,52.3463754545933,8.441035631011399,30.267547743785208,69.72713532068087,25.32097291944975,22.078827710808092,47.896613517672904,13.254611553171062,0
224.4812936254853,35.14196191332174,13.043626285992348,29.344844963420055,66.27914107780018,27.078720233140977,5.797116949901682,4.481293625485307,9.515993550945348,0
208.72313424857222,42.15844902071203,1.745670282652716,37.92952890341333,23.07801491350184,93.38505571397992,4.228920117298699,11.276865751427778,39.36969110614175,0
213.60463605691686,56.94762861876938,18.9631529694266,35.97955977141645,78.56156453916657,12.899382440533559,20.96806884735293,6.39536394308314,7.345892406349801,0
237.22668563795133,53.94647187573872,5.226739242421645,32.38300952819076,37.41202864038276,51.62814489661355,21.56346234754796,17.226685637951334,27.851562666617266,0
221.69905615806647,31.271405485189362,16.248907557168245,33.60124507157318,50.255895284372954,38.21277609406914,-2.3298395863838195,1.699056158066469,11.949672159523866,0
198.4258303252395,48.514799003522015,19.277090957858235,29.165132404495306,66.75536148190197,69.85696959985853,19.34966659902671,21.574169674760498,33.89096839132284,0
233.78843401862804,25.217747506251897,13.485046949796315,44.20392679392039,50.059315079657736,85.56664488120927,-18.98617928766849,13.788434018628038,21.57798045571457,0
209.9778387169151,45.469349020603694,17.78119696132765,18.166431853137865,50.89014619599604,42.43403094009126,27.30291716746583,10.022161283084898,19.294477631661053,0
248.09946664326318,63.97767016745977,15.884647493160132,31.117213393727173,24.59395967350183,48.421187859055344,32.860456773732594,28.099466643263185,30.978747859632502,0
236.20072098571973,35.521072827310135,8.532715131648182,30.52019704951024,48.10104844820027,98.37260060512727,5.0008757777998945,16.200720985719727,34.94300310306619,0
213.29017156511873,36.65676954508418,19.412604936805568,36.506243248516746,73.53935252539884,80.55248587112825,0.15052629656743477,6.709828434881274,29.52793910861598,0
239.21524542602668,52.640297815728594,7.072832877252671,23.249168980600807,84.06234360306185,90.74837178386123,29.391128835127788,19.215245426026684,47.770213169949166,0
221.01783265791104,29.57198484790354,13.709110026036413,16.05061918082771,48.94479959443602,49.48859985864667,13.52136566707583,1.0178326579110433,14.634761251638606,0
232.7916051268333,38.67244970114961,17.889545739396947,31.254584128785545,49.65100788153552,31.066858358570368,7.4178655723640645,12.791605126833304,12.014315172445519,0
227.2709922594171,50.96441137581753,9.094941835500183,32.249843937748835,69.18389744265565,47.06771188478065,18.71456743806869,7.270992259417113,23.987782310144166,0
207.30465017513689,38.65714152310597,7.266422582818201,41.916795275581194,85.99404007736936,74.44827260483622,-3.2596537524752236,12.695349824863115,28.77957410235927,0
210.34675251523808,42.640300127890285,11.024304244147746,19.83710362939931,38.69426581675522,19.848736435238138,22.803196498490976,9.65324748476192,8.463560787579453,0
235.44941226371742,52.44185710315035,19.63112386437969,39.23755013373376,50.81009445765558,34.342219505485794,13.204306969416585,15.44941226371742,18.009697679117085,0
214.97837001840188,49.21546083536561,22.318122315495955,48.93931491221697,75.71812704866107,14.197231041543134,0.27614592314863984,5.0216299815981245,6.987232682957031,0
213.94527305137004,47.66818396295402,13.082001908637363,26.977880899820182,62.6785498561827,48.91129645043184,20.690303063133836,6.054726948629963,23.31512677065765,0
205.6731613097597,41.60877720729961,15.875188927767645,19.67246224405421,27.74104407747683,84.47011623816519,21.9363149632454,14.326838690240294,35.14698247228516,0
226.3539859839019,48.700611152689554,21.67856693373394,26.74420506901303,63.9412914893586,12.219731946820971,21.956406083676523,6.353985983901907,5.951084139322262,0
250.93787378864718,43.762673199002435,2.3651244339106174,30.112039738971045,33.07223992181288,70.77911741264495,13.65063346003139,30.93787378864718,30.974833846434038,0
203.9870062861859,49.57805609925785,5.569885868787961,34.510303000055316,55.71511538548829,93.92462870623656,15.067753099202534,16.012993713814097,46.5660051109976,0
220.36329185009137,40.03067974882022,17.01360015003798,25.26884216129562,57.037228736230695,31.323507536006407,14.7618375875246,0.36329185009137177,12.539012987836292,0
241.18330833123144,43.17431025620459,19.769867085895193,42.44158827317874,81.33423535574894,72.42713566548832,0.7327219830258542,21.183308331231444,31.26991626190014,0
218.80537913131428,35.10042207447986,20.568696679933872,21.083741479935505,52.37459918087067,97.75917109901803,14.016680594544354,1.1946208686857176,34.31388167226826,0
226.785576943746,44.64992389993764,9.962572244518382,16.0863587826176,39.560969556512596,96.60502541372169,28.56356511732004,6.785576943746008,43.134070330742155,0
204.06409707779682,36.88999136371155,2.144157655004804,38.85368339429854,36.16764437512221,31.143627372622895,-1.9636920305869907,15.935902922203184,11.488881448107092,0
226.42460645811474,33.85953549838007,10.506755455190877,11.803031750350403,81.19763136790353,19.029794789086182,22.056503748029666,6.424606458114738,6.443400121879517,0
217.19283602493178,47.586611478553884,5.537630164969291,28.36696184901827,31.97075980927599,23.345428410632437,19.219649629535613,2.807163975068221,11.109298315771596,0
234.78594993519795,47.127397758576606,6.98871491991898,54.941449033664384,49.810799261820065,73.1832101633928,-7.8140512750877775,14.785949935197948,34.489342546197186,0
237.81079077347127,52.82873734948573,18.53442136410014,29.90365157632055,33.10211804488629,75.3182987907948,22.92508577316518,17.81079077347127,39.78970624428987,0
258.8434546302792,40.68874430424901,1.8126500646212849,21.033858794430003,74.13128280800628,70.68129054653791,19.65488550981901,38.84345463027921,28.75932958142414,0
228.69449759820364,49.08052846836756,19.86194921953685,29.54082028970565,53.20608479822333,40.24705489680143,19.53970817866191,8.69449759820364,19.753467236304147,0
224.8869447487325,50.50797572273663,10.264058059780059,29.593593691043733,44.58005833897684,25.279924578230993,20.9143820316929,4.886944748732503,12.76837816869904,0
222.91576452366004,49.44773807831595,14.305534346414282,31.285199522824932,45.27697484385268,62.26849827570278,18.162538555491018,2.9157645236600445,30.790363932670196,0
214.70250560783967,36.743463171978576,2.151653549656296,35.298103857276956,79.65499447060856,53.53124011820798,1.4453593147016193,5.297494392160331,19.669231498337172,0
225.07725765192538,46.49363482271189,8.096617880574712,21.687110653058085,58.76417680061067,75.59507324100731,24.806524169653805,5.077257651925379,35.14689729663554,0
215.56897884791456,48.641402960546614,2.1528220563562988,43.50038444189435,70.25074957918845,49.72240708170593,5.141018518652267,4.431021152085435,24.18567639029595,0
222.5269146440442,45.07178466907942,23.07704934914663,31.960914274980944,82.79269613754792,40.47757252178215,13.110870394098477,2.5269146440442114,18.24396432628811,0
239.7639630341194,24.135223416289154,19.37427958383001,35.81435237121443,83.12191732284495,36.41307196231129,-11.679128954925279,19.7639630341194,8.788376270837976,0
204.90186152080537,46.6048962397348,11.031186104555045,24.97480480195486,42.99563380365042,29.03232880447719,21.63009143777994,15.098138479194631,13.530486715305234,0
237.0981784169357,67.12531039397243,5.3664611597681064,40.29105709596427,86.67158842024698,33.91717385679953,26.834253298008157,17.098178416935696,22.767008228239952,1
239.75672601009796,41.39960731243017,22.402922525996452,27.943580729495483,21.741311741022383,18.53473949596912,13.456026582934687,19.756726010097964,7.673309367713115,0
218.22897209513383,37.719229021446786,8.270318297447321,32.22042010794826,46.3784892711316,41.21713098360006,5.498808913498529,1.7710279048661732,15.546784031773807,0
188.17217651487107,48.73348559711398,3.863626360496994,22.535151382503127,82.70592002561891,13.291283112666239,26.198334214610856,31.82782348512893,6.477305541382845,0
210.88267019358352,48.123782104665715,13.515945322894918,22.024546988782987,39.22458158718881,26.77724624496941,26.099235115882728,9.117329806416478,12.886223636558862,0
239.45491819841664,56.92735165416414,22.650578888275586,35.50564245162306,39.11570152249229,77.20934001574862,21.42170920254108,19.454918198416635,43.95323250062449,0
219.65697906551677,32.42131844091112,0.0919269720077418,26.451145358340913,41.18355995573221,39.292208980896035,5.970173082570209,0.3430209344832349,12.739052196164582,0
205.01046651557633,52.31380252574992,5.71499623809597,23.16941529996498,62.861936939284554,70.14133152796094,29.14438722578494,14.989533484423674,36.69359766446906,0
212.42837618157674,50.904220612514635,22.522743369849785,24.854533263783757,50.683294293004764,74.51957580375496,26.049687348730878,7.571623818423262,37.933609266653505,0
232.6093003975683,43.57853463059454,4.106063204571889,35.59162457373937,70.87143854473398,62.30668084589022,7.986910056855173,12.60930039756829,27.152338489600282,0
228.2010035230207,48.3868731792169,2.7178428393556766,24.967697110371113,82.6437449795266,96.28279672288586,23.419176068845786,8.201003523020688,46.58823474370599,0
216.4160185124546,55.29457481598357,13.684493179195307,29.058760547182686,67.19395624600025,11.929587996080194,26.235814268800887,3.583981487545401,6.596414959731159,0
214.49763382277968,53.72315380028451,20.684251759075917,30.120222002296774,34.31267041383028,76.4787385529328,23.602931797987733,5.502366177220324,41.086790337309566,0
214.12362776434267,33.569806879262714,11.450635624654227,14.661208911917608,85.28773316523515,96.29079795463672,18.908597967345106,5.876372235657328,32.3246349158726,0
206.16384723252247,53.20158186755484,23.869542160428594,18.230988757011858,38.514501134323496,87.60445564176453,34.970593110542985,13.836152767477529,46.60695618787912,0
244.23063534204164,44.353113949674814,16.300120788911826,32.6902231139805,30.49260067297107,25.110342262451198,11.662890835694313,24.230635342041637,11.137218716818332,0
215.1651929618299,45.72874098015515,1.7777977730507457,24.103765110778422,26.29770952026726,39.41382756265589,21.62497586937673,4.834807038170112,18.02344711649191,0
238.25737781238246,45.73196991001694,23.827971160367408,38.453799290243346,59.436861846631594,25.520665588881887,7.278170619773597,18.257377812382458,11.671103107943514,0
242.81974077883677,43.4975701120174,9.789461682724571,37.734456834004355,27.963372373645626,64.11775274332336,5.763113278013044,22.819740778836774,27.88966445377704,0
234.97466347221942,56.91707497107065,6.897660812291581,35.7533493308435,29.71431188788415,74.0969183781543,21.16372564022715,14.974663472219419,42.1737985845471,0
213.52569530922926,44.16282040150788,13.389100405869254,44.55817429850078,41.002133641684765,38.536639242675236,-0.39535389699290135,6.474304690770737,17.01886677751967,0
226.05595135504913,33.80453871616831,7.303382203700743,29.335285378054536,39.71571067791247,58.55559165858659,4.469253338113774,6.055951355049132,19.794447652708328,0
219.63706590413625,41.06470144030271,2.0749801708836557,35.191055407230714,62.29676572324996,72.18285130640754,5.873646033071999,0.3629340958637499,29.641672380073906,0
206.44447208904808,46.78694716810475,0.034280233900241264,25.32479218723175,77.1721695630877,47.920583494994354,21.462154980873002,13.555527910951923,22.420578082450533,0
224.86538922582403,57.29214784297051,10.790000470086294,49.61895930294979,73.29447593420247,86.86139774099134,7.673188540020718,4.865389225824032,49.764760412239404,0
202.31440313260296,51.03094684948834,20.084722133438213,45.86906921948815,38.373911830153375,79.43949417590355,5.161877630000184,17.685596867397038,40.538726050407725,0
237.81519082692347,36.49464721252956,13.735564455121837,30.095043476142337,37.1717348590186,15.819898946551358,6.3996037363872205,17.81519082692347,5.773416309922599,0
213.0307405405241,69.85189916678891,23.98097517464258,33.09268983924154,87.60540710748774,65.9012769181746,36.759209327547374,6.969259459475893,46.03329350250966,1
223.0173948380926,47.6477531097798,6.884319495532799,40.874380794918444,20.57653691143721,31.179299586377464,6.773372314861355,3.0173948380925992,14.856235688275728,0
224.24931807319214,57.753907379990146,6.730921554241328,28.822883961487143,81.5804373142151,60.17664382005478,28.931023418503003,4.249318073192143,34.754363136221,0
216.11642539443883,43.482855664227706,3.833987045614661,24.747007433602363,33.980996338568346,96.11995983696696,18.735848230625344,3.883574605561165,41.79570340042198,0
228.80040702212912,50.33359244705449,3.9375261183680443,36.99191800805506,86.30990261628375,89.11558040970252,13.341674438999434,8.800407022129122,44.8550730502468,0
212.87644515066214,53.39468504518405,6.8444783042411474,30.627513968669362,43.96150993792638,46.40647628036185,22.767171076514686,7.123554849337864,24.77859185046725,0
233.06945946185866,57.18194711754256,19.02816108656465,31.463955597162084,50.82462417252766,36.23624725099181,25.71799152038048,13.069459461858656,20.720591740444107,0
199.81030479629877,55.57368305378225,21.738162975274747,23.325829255456277,69.49844297610667,31.09651699674331,32.24785379832597,20.189695203701234,17.281479796535656,0
221.89569369319616,53.721970000729776,23.402092072984352,16.258622813092828,61.136833603128224,57.9263382780868,37.46334718763695,1.895693693196165,31.119170072275043,0
249.08393498587427,41.849132688058916,5.574951698314863,31.889139279032808,42.2557530794776,20.28236079322507,9.959993409026108,29.083934985874265,8.487992080627599,0
204.99503013091638,39.28253958043938,21.1511410947382,37.239696331953596,58.76816411074765,59.43475073154237,2.042843248485788,15.004969869083624,23.347479480653618,0
209.83382544212722,48.326075103241976,7.878122142656089,28.193546007391664,71.14948190540204,10.120027554171282,20.132529095850312,10.166174557872779,4.8906121162975955,0
227.70861774488372,54.33128072341069,2.708173068405226,41.49143615647093,22.963446213174446,39.146466767126036,12.83984456693976,7.708617744883725,21.26877675254392,0
222.69372672909398,42.77279299223393,20.880598212483974,24.368669396675642,20.783951367899288,29.794088244752313,18.40412359555829,2.6937267290939815,12.743763688851411,0
225.25945148910338,55.651719657143865,15.266535231446845,21.56236436027264,52.064685735102394,97.40969109647038,34.089355296871226,5.259451489103384,54.210168207897524,0
227.33780695221495,59.52616745486179,3.9535415059454815,29.46215754243095,29.228563246245994,75.45180876129811,30.06400991243084,7.337806952214947,44.913570030972394,0
229.52082202842655,35.83679080926581,10.315950180312061,29.339259397189675,66.50410040253001,41.46880424160139,6.497531412076132,9.52082202842655,14.861088627166637,0
236.64549762934334,36.630792962037205,6.894184677049624,36.15974985068178,34.98367193592039,18.356057787755844,0.47104311135542787,16.64549762934334,6.72396952422475,0
226.1472798539277,43.59624941094663,17.68306964904473,23.800297407488124,50.299577475696964,56.51205352215616,19.79595200345851,6.147279853927699,24.63713580076685,0
216.38113518072186,48.076126681891964,10.881989534982434,40.94475389451918,33.836965581198825,29.210309319343807,7.131372787372783,3.6188648192781443,14.043185312540222,0
230.08860551804096,39.75432986232949,23.74271868255324,45.73533570006603,58.393851002438716,58.2786591308522,-5.981005837736539,10.088605518040964,23.168290390221586,0
248.49822902342822,58.52202678867144,1.313879574230283,29.686847784253263,28.123742156919825,85.18261187610032,28.835179004418176,28.498229023428223,49.85059094142145,0
218.0104938042614,49.24066861518451,8.52036638726992,39.99768336147455,21.617479695123617,65.42132968912469,9.24298525370996,1.9895061957386133,32.21390015586921,0
205.38206042994037,45.39447048240739,11.565604010639458,21.54802343499792,23.579214667468804,67.0409577590502,23.846447047409473,14.617939570059633,30.43288778105525,0
236.60621003930459,30.640904761314722,12.075205313959675,38.60177232945533,86.79809090607169,58.69272601565303,-7.960867568140607,16.606210039304585,17.983982280275633,0
218.19428254069604,31.841841835724928,7.582459737255283,38.3782112684757,29.960035302765508,93.45390693682683,-6.536369432750774,1.8057174593039633,29.757445236129964,0
187.40995680978946,47.810092502818065,17.50176597834163,36.90749824151903,69.59347771957846,93.8712415978543,10.902594261299036,32.59004319021054,44.87992744147797,0
232.7113251572563,23.674043738451637,20.993929763735395,29.875495289037648,24.75483429559784,56.145088096619695,-6.201451550586011,12.711325157256312,13.29181271298595,0
211.97007721069116,55.12637409644071,22.529263247468712,6.3660084700637505,27.571224656462753,37.5183538429154,48.76036562637697,8.029922789308841,20.682508094271885,0
218.6420007654376,43.418461556276796,19.32224104318863,24.866182850782966,55.621337598653426,51.36283052914995,18.55227870549383,1.3579992345624134,22.300950827514576,0
224.97970495853522,77.43092969594733,20.413924735358385,24.992671858523185,52.54096511080406,26.790212097605412,52.438257837424146,4.979704958535223,20.74391029469202,1
222.857495196686,68.07916250616111,13.213087214879891,22.17396049551618,86.61062166079087,67.27098837862803,45.90520201064493,2.8574951966859885,45.797525497786935,1
230.6417772570856,43.18550930752483,19.82131743424355,30.97794403637653,86.13848171145162,55.00831022040099,12.207565271148301,10.641777257085607,23.755618930143406,0
213.46770444145236,43.93662997468685,7.284093819550853,26.648292435830122,74.57260497797256,19.297043003195192,17.28833753885673,6.532295558547645,8.478470380370071,0
227.69658697264123,54.9558151400203,9.563490290621147,23.403103921879826,62.14712810891448,27.788300300765382,31.552711218140473,7.696586972641228,15.271286943842329,0
216.10679983624124,62.031726099180375,7.605912331645063,21.52959881401744,51.847222217510776,53.16687605795741,40.502127285162935,3.893200163758763,32.98033093176285,0
231.08215721331254,28.619709425639833,11.21729605075021,24.27589611611817,44.93249740298947,89.88300916469726,4.343813309521664,11.082157213312541,25.724256045957578,0
229.2305122601958,27.136245346453133,6.853910789727273,38.97199369479942,86.29612828828888,60.97516485679877,-11.83574834834629,9.230512260195809,16.546370335945184,0
205.96841946933108,38.779651944456184,23.078674614106724,24.711799562980048,62.20361679972799,71.33815001876238,14.067852381476136,14.031580530668919,27.664686280890056,0
236.2897317426255,50.82737583173864,7.5082710721360355,25.88049034853382,60.535076938019614,40.512569476951874,24.946885483204824,16.28973174262549,20.591475947144563,0
211.9605483232893,49.968735905075974,2.353068914662556,26.34641907981403,36.23307852382404,61.42702537398108,23.622316825261944,8.039451676710712,30.694308083468613,0
232.12086697421717,55.6977145498385,12.643611985209922,32.711948110475355,23.268847251957915,50.26418403742607,22.985766439363147,12.120866974217165,27.99600174597106,0
225.5093097010201,33.003024716346914,1.3703778826842328,33.64999590822826,86.1632005831681,69.32169213608447,-0.6469711918813488,5.509309701020101,22.87825518946187,0
247.57275515192683,21.838561370311233,2.6530359914059325,5.642747686054705,41.961468119125776,14.551800947110934,16.195813684256528,27.572755151926827,3.177903980320352,0
216.64801026442223,53.58014195302145,5.265345340709911,38.17308171062086,50.98123163271211,54.397019461506325,15.40706024240059,3.3519897355777744,29.146000245687798,0
214.76024805822703,36.71803727034765,11.1444059971714,41.490944273950035,28.024796050999477,36.63933626295703,-4.772907003602384,5.239751941772965,13.453245144640563,0
219.708705911684,24.81512135611362,10.39802237541667,21.598507701106644,78.58470309365043,39.35665551501184,3.2166136550069773,0.29129408831599335,9.766401827757772,0
215.45230325748588,46.450637459593814,19.19260468806699,22.221614042121324,21.934228299915144,96.48256884022553,24.22902341747249,4.54769674251412,44.81676826367619,0
231.99912852913076,52.931756882186775,17.74739169321872,26.39797289777383,78.37935334693675,26.44253314402445,26.533783984412946,11.999128529130758,13.99649735728668,0
195.7553408734512,43.77942867878723,10.231639055776832,23.951967844347163,29.819950895157675,38.01207273207372,19.827460834440064,24.24465912654881,16.64146827106694,0
204.1947637128047,40.42151613817511,8.008900981815117,31.79141499157285,82.05948788418064,55.89033181577846,8.630101146602257,15.8052362871953,22.591719494594507,0
203.98295617631211,43.406377678540935,7.595250817475966,14.427797709129086,71.08408461353102,87.67242533346612,28.978579969411847,16.017043823687885,38.05542406018111,0
234.25461387960362,41.29417237599217,18.575882095056215,21.05657913570608,31.526918375511357,47.50030748857334,20.23759324028609,14.254613879603625,19.614858853457793,0
245.65920058872888,31.51952888059833,1.2497377493104738,42.31357760139926,59.60725950016277,76.94787527993539,-10.79404872080093,25.65920058872888,24.25360777186602,0
218.43326172193792,37.853193230095684,0.3077195882545398,22.574240261215856,41.88594200486536,87.07366883933221,15.278952968879828,1.5667382780620756,32.96016411828604,0
217.46767415214984,50.212799050138145,19.093065406239553,39.9474262248234,32.47631692381084,37.901472023966406,10.265372825314742,2.53232584785016,19.03138998443858,0
221.05078244669772,48.216785413765,11.451513023737183,32.84270556472109,80.14275395877759,45.34751651848389,15.374079849043909,1.050782446697724,21.865114730189017,0
237.42817453912286,46.6805980596682,3.1411473252858233,15.525858283293935,48.24659365550606,42.090060131952065,31.154739776374264,17.428174539122864,19.647891793269192,0
206.08970298714138,35.04851518146621,5.65358243026803,35.08263356172965,47.898060005576774,84.9570227756129,-0.03411838026344327,13.91029701285862,29.77617502523239,0
223.57553474102178,43.184968378643326,22.380094874337182,29.058661582457173,31.8920672364634,13.991217575824104,14.126306796186153,3.5755347410217837,6.042102885906827,0
234.62796444673646,23.22934953557145,20.62807141499755,26.356263550002076,46.81459732600451,37.7578979945812,-3.126914014430625,14.627964446736456,8.77091410244579,0
227.51641254909768,46.784766638853895,17.03484120537534,31.95965674537603,81.01317924301952,71.14677018356169,14.825109893477865,7.51641254909768,33.28585040146102,0
222.84372424898115,59.288577078135674,11.573405528095837,33.797067884534336,45.41900973427451,60.889914960880844,25.49150919360134,2.8437242489811467,36.100764164393105,0
235.01569138850712,30.258678679578942,12.487767028593257,35.66073457579696,86.61224937498517,49.266042336432484,-5.402055896218016,15.015691388507122,14.907253448726431,0
179.45151560501145,39.14072326682245,23.405868846815007,39.42602278038402,86.24162294458712,58.59534044992459,-0.2852995135615686,40.54848439498855,22.93464005275746,1
230.1681297929636,48.2910677871013,23.17849065322289,33.26508730222685,30.14290615151422,27.782612724548645,15.025980484874445,10.168129792963612,13.416520343839618,0
210.18886475308864,57.528426344274834,5.166457098860023,18.994927289709103,32.41178774658514,48.764495944720935,38.53349905456573,9.811135246911363,28.05344713171567,0
192.54050654715314,40.51775383699851,19.466509591327636,26.21083633879047,80.38718492323224,55.153268575871415,14.306917498208037,27.459493452846857,22.346865594630234,0
227.6680389928747,38.077496707341034,4.733823988008403,53.54438668214897,47.49326432473035,91.10702097591415,-15.466889974807934,7.668038992874699,34.69127291226022,0
240.60487817744436,25.31076857583917,5.124899469214833,35.79592848305382,20.306178759810653,33.475164652357876,-10.485159907214651,20.604878177444363,8.47282145553942,0
217.9382722805846,46.03438129308106,16.226232819949843,48.95429840649197,39.17102737937597,88.10456519484393,-2.9199171134109108,2.061727719415387,40.55839147840564,0
234.2931182080441,65.42076040143743,9.720026366101163,41.16347265759348,61.834029523689196,67.98172607433838,24.257287743843953,14.293118208044092,44.47416213185443,1
244.1841738698297,47.77358461964676,22.357065770556485,31.93441657244599,75.94861761719775,11.83067479608409,15.839168047200772,24.184173869829692,5.651937434782455,0
239.7237168037607,44.77721020816287,2.136233637504212,32.41125655824894,29.33720319652817,75.21682032094543,12.365953649913934,19.72371680376071,33.6799937470059,0
244.5994679405709,48.22082310766986,12.276615379427833,29.707359680985235,27.737895509171473,13.199668979414959,18.513463426684623,24.59946794057089,6.364989029361659,0
231.13191236607838,44.88907996051398,22.04451673063491,16.097563073228002,84.54648575006321,99.76430141324317,28.79151688728598,11.131912366078382,44.78327703343891,0
221.1315045835239,36.8698562773987,21.698727851508124,30.144378019745794,72.58038574758078,88.53730189220781,6.7254782576529095,1.1315045835239061,32.643575959543625,0
195.97051282154248,53.232799156777055,3.7567011219777893,39.685396420337575,61.28457205446549,36.76093727860411,13.54740273643948,24.029487178457515,19.56887590966811,0
216.30906267805076,47.25761523111754,8.799304802314955,25.20288004143037,73.84307529971497,33.16701071770349,22.05473518968717,3.690937321949235,15.673938308635831,0
207.35130107025714,45.176132519336576,14.85891360112071,33.29562399249448,50.01980529146469,44.3296973895048,11.8805085268421,12.648698929742864,20.026442838103577,0
252.56414076246722,35.2463397272175,3.8254772345136523,36.81272836714558,73.09190231163886,42.05502687829987,-1.5663886399280784,32.56414076246722,14.822857645898207,0
217.36171281351494,58.03507931934759,23.232532129097727,22.722556485500196,46.0262093892175,43.510403654684296,35.312522833847396,2.6382871864850586,25.25129727316434,0
221.8480721017673,51.6470274533311,21.95398388946385,26.389577085250682,37.08662007448217,38.64488915075324,25.257450368080416,1.8480721017672863,19.958936508998896,0
228.27228064060702,39.47079162632698,4.00680429682726,21.856708076182727,71.0309394905078,65.90200661634982,17.61408355014425,8.272280640607022,26.012043709107658,0
220.6540366955868,55.01824853681937,2.90773107026365,23.422675146484746,49.37706045100878,24.783729734856156,31.595573390334625,0.6540366955867967,13.635574022216765,0
245.4257656064613,40.02429161614793,2.049803587398367,19.69915773077551,88.69639730283365,86.13831632014119,20.325133885372416,25.42576560646131,34.47625091721325,0
210.6602595739832,37.17996507488963,21.826647936879148,22.796412308975786,44.463962761567075,83.11622356281838,14.383552765913844,9.339740426016789,30.90258289222306,0
222.91911182855864,37.40296882519713,4.646971435091059,41.35564544638271,84.52091943717461,52.88348870697434,-3.9526766211855815,2.9191118285586413,19.779994794746255,0
208.8629412145293,27.289314469119088,9.990838285064513,22.67618376727766,85.30737839969557,86.74569687506929,4.613130701841428,11.137058785470714,23.672306008666464,0
200.1996623316894,49.71542380418206,10.772432775648072,31.01167375248552,36.92970629453223,32.243056302726394,18.703750051696538,19.80033766831059,16.02977208832146,0
210.8234636364207,26.6885512166165,14.376265061125622,25.977049970632354,75.87548271116094,11.580891013357025,0.7115012459841452,9.176536363579288,3.090772029440327,0
219.44444804427383,32.71556168734237,1.721648249938199,39.43092749629551,50.31521536011956,65.72871325268407,-6.715365808953138,0.5555519557261732,21.503517730478237,0
213.5604666322411,24.244119909214668,5.442206817612383,40.489298372828934,84.22673090612436,51.21184662682438,-16.245178463614266,6.439533367758912,12.41586150393041,0
209.61368530189216,44.13930307209107,22.355769286054226,36.912559857111575,51.50869908446671,61.04480916662836,7.226743214979493,10.386314698107839,26.94475332783772,0
198.9052380449225,43.49679539728128,21.80184257444567,32.449076424822046,72.10126021361563,90.94054681165628,11.047718972459236,21.0947619550775,39.556223579834935,0
218.75341641056957,41.73303786813636,18.750975537736615,28.151523705272812,52.68771864146585,97.29330162093491,13.581514162863545,1.2465835894304291,40.60345040862489,0
197.42919438953496,34.57422305329423,0.46562989483717043,20.465002366470003,35.94605289989993,67.10078257800427,14.10922068682423,22.570805610465044,23.199574239025193,0
231.40083945534403,33.2776624656336,7.848162443906451,45.54823104897758,33.95450902612804,78.76500308671946,-12.27056858334398,11.400839455344027,26.211151868244386,0
221.23659629401755,49.64369863546574,15.071009648229786,23.922615857979572,49.78018359794419,17.542759013844783,25.721082777486167,1.236596294017545,8.708874417179105,0
198.13672750802604,39.494480682915125,6.604565082563417,35.30917077626273,72.88462599099505,24.464402640235505,4.185309906652392,21.86327249197396,9.66208877493839,0
215.36186384425204,48.16358321536145,21.830080681290656,38.476524580987174,62.355003962653676,75.9884324457679,9.687058634374274,4.638136155747958,36.59875189506614,0
208.71765391614124,36.14751313875777,15.213347083978604,25.557756024757364,68.20405029303802,48.82289107492017,10.58975711400041,11.282346083858755,17.648260966028165,0
224.7876176562877,46.81062742771083,1.7257612155946944,38.304100218527694,39.76284455123597,50.13687433639652,8.506527209183133,4.7876176562876935,23.46938544951014,0
240.10675669034717,58.032780373160634,21.816134132056874,36.11370562671084,53.70047421703239,37.7746913471893,21.919074746449795,20.10675669034717,21.92170366615368,0
191.87241295531382,50.861658003927836,22.986399796229342,43.823710683054124,23.10766854785289,64.66207451299694,7.037947320873712,28.12758704468618,32.888203197045485,0
221.72539118721124,40.875861817835194,1.8650980414014118,26.24522826858631,77.22726911706845,26.664854087458234,14.630633549248884,1.725391187211244,10.899488910716807,0
217.5980080665004,47.571989703559275,12.776645636671557,19.713087861762283,89.29245135679122,66.4224651382506,27.858901841796992,2.401991933499602,31.598488276418824,0
230.070101146757,42.59334825469787,7.280742773140091,25.95608195644391,48.48153438372697,25.641897142171572,16.637266298253962,10.070101146756997,10.921742548876558,0
223.19794942356535,45.07880184694728,9.428137835553656,31.670828340274653,20.767455719208034,15.744343123874224,13.407973506672626,3.1979494235653476,7.097361238914731,0
208.72046002391772,41.743889478514966,4.311629230928205,30.46570181668045,31.885484768566315,39.732191982915495,11.278187661834515,11.279539976082276,16.58576230873963,0
215.21419096500074,43.356647941146086,13.873730448297902,26.852496829803595,65.67688144252932,30.80263078088629,16.50415111134249,4.785809034999261,13.354988184279966,0
208.05961214794766,47.12093353074175,22.991504477973375,14.726420328182057,62.84555227427014,90.00924747006991,32.39451320255969,11.94038785205234,42.4131976718925,0
236.14010707897899,35.06641300418049,12.073742406518617,33.763863969032855,75.15053037098808,14.945810848176393,1.302549035147635,16.140107078978986,5.240959758845145,0
220.31967473007913,34.84121173010021,1.9899499534675478,45.7787558326576,37.77188076727477,25.895232331671057,-10.93754410255739,0.3196747300791287,9.02221272467888,0
248.5178602862951,31.114574461687887,14.880032003457801,33.71400990498403,73.45423408829939,59.38476450247445,-2.5994354432961444,28.517860286295104,18.47731677002041,0
219.09008779278068,28.9972889549629,8.165351866830168,34.873084152428106,68.15888150665688,53.29604717627262,-5.875795197465205,0.9099122072193211,15.454408801277118,0
209.37389849634306,32.82717307779521,20.542204550191148,34.57956244924081,42.597014839969034,14.12668165372314,-1.7523893714456023,10.62610150365694,4.637390236616837,0
197.29428411080758,46.59462506804129,10.432275559595286,33.1763733590592,58.18417036398734,10.652718521363003,13.41825170898209,22.70571588919242,4.963594254582883,0
192.9529048561608,36.07212484508116,4.628150614613895,37.45332773494476,30.30916659488287,98.9261147765035,-1.3812028898635944,27.047095143839186,35.68475162656863,0
196.23796085491765,50.13614464231096,4.586534944587479,33.16298944948532,51.67951524049079,69.29512303229544,16.973155192825637,23.762039145082355,34.741903113538974,0
224.00689976517225,45.34713748752562,18.45034033730785,27.49858264277379,81.68381376889486,42.88655178114011,17.84855484475183,4.00689976517225,19.447823599852473,0
227.630875348449,25.314957865619462,6.3741023593766375,23.632088719929968,49.48339658777736,52.33890228969172,1.6828691456894944,7.6308753484489955,13.249571061963197,0
196.282139469518,51.549755842216896,18.41360145982135,28.008210757754597,78.76966945327953,33.98951084088583,23.5415450844623,23.717860530482,17.521509850440488,0
233.42557471114173,53.1079864559171,4.941295458398385,32.513035971605326,61.317735568178605,41.03864053238888,20.594950484311774,13.425574711141735,21.794795655633592,0
212.7540842247484,35.06137325165147,7.720472848831426,27.471336311016213,33.43136991716497,68.41400205413926,7.590036940635255,7.2459157752516035,23.98688861659427,0
222.20189517978324,49.20191542894992,11.171687338552786,32.514709465051446,60.677437128852745,89.45306189806337,16.68720596389847,2.201895179783236,44.01261986369136,0
244.18330942383136,36.43501762590801,22.636700392642815,33.51320106960334,55.41883304099444,26.57170207730664,2.9218165563046696,24.18330942383136,9.68140433537044,0
233.45258973798298,45.97670376748336,22.36155419409179,36.66543545016145,47.90489346374688,85.63253548467868,9.311268317321904,13.452589737982976,39.371017168375786,0
215.97204028141252,32.35501593045034,4.964925010134907,40.262359750711845,28.37413076612492,20.940096656644215,-7.907343820261502,4.027959718587482,6.775171609108935,0
206.63211661877068,27.068935474654232,8.597256989833747,30.62405934783086,49.16960646930609,29.34930012295521,-3.555123873176626,13.36788338122932,7.944543112545362,0
187.72276898006044,41.17182810387031,3.5855853228905357,19.537787478818714,25.093366336773897,13.345775924468139,21.634040625051597,32.27723101993956,5.4946999227497315,0
209.2127002113637,43.762710537251635,12.239641903523932,27.23916722544648,26.913833597912586,22.67306758836995,16.523543311805156,10.78729978863629,9.92234893861376,0
216.83304641758457,41.02320306385396,11.053981216671998,30.352500539252794,49.11415730529012,92.55728309176455,10.670702524601168,3.166953582415431,37.96996219312074,0
205.19230709273225,33.1596944177744,21.61824389881758,15.313849950583279,41.37670373779246,51.34948719565407,17.845844467191124,14.80769290726775,17.027333039173087,0
218.03114549361544,41.00100937868863,22.320129066985743,41.10931616081986,84.78810281035564,16.989927560051818,-0.1083067821312298,1.9688545063845595,6.966041792329251,0
221.15277824438152,47.69294752580734,9.20561738417501,31.13902330008373,46.29940637661893,96.37541542350652,16.553924225723613,1.1527782443815227,45.9642763057118,0
216.62716027287883,44.55106969877463,11.801710632455746,33.05082267664228,73.05006854504701,89.10930769827851,11.500247022132356,3.3728397271211747,39.69914978075561,0
210.2499612876481,46.82501030599214,21.509669979507194,40.92421170021012,57.11732684563699,77.9214268781327,5.900798605782015,9.750038712351909,36.486716166261765,0
222.52982007950092,38.29884799545767,19.360987385881476,24.958857358861223,69.28599680496347,94.0125512752802,13.339990636596447,2.5298200795009222,36.00572410957127,0
226.62910974354114,56.717179147161595,0.08775147227158264,34.592335447072244,38.20811881107794,29.811647875218775,22.12484370008935,6.629109743541136,16.908325732108825,0
203.6440138383573,33.238266634452195,7.68142954040598,29.121087015184514,85.93334809868304,85.27323637090777,4.117179619267681,16.355986161642704,28.343345672788992,0
241.16398569619406,49.875602970867185,10.122581806467021,28.527305063872646,57.10619478400967,72.09920767188756,21.34829790699454,21.16398569619406,35.95991456357165,0
218.52117801573607,56.81891092959962,5.513190808397561,23.822460897564966,78.19268498996747,88.27833246109195,32.99645003203465,1.4788219842639307,50.158787091203656,0
220.28274434417273,49.80908092748896,4.78971878150253,43.32482570949222,45.553198543327944,81.72204091683668,6.48425521799674,0.28274434417272687,40.70499749586282,0
230.62321634884836,42.9747577293517,0.906828158296312,26.99599967939543,27.014794433536718,41.18455568591425,15.97875804995627,10.62321634884836,17.698963027931587,0
223.49824196895253,39.71702953337021,15.440873401674253,35.595713975165616,67.15981534045942,79.695868331553,4.121315558204593,3.4982419689525273,31.65283156211874,0
234.29704950869868,55.36087651046256,6.300246971595976,14.999940900224509,20.543175383619715,33.62106726864013,40.36093561023805,14.297049508698677,18.612917532091412,0
224.30686247802737,30.77025074738327,1.2563322823515142,39.439908237518296,53.27050835958558,39.57329467252494,-8.669657490135027,4.306862478027369,12.176801999736789,0
210.81343938039342,35.29875739620356,5.543503452673527,38.41768924765647,33.496133186652145,19.711514550067854,-3.1189318514529063,9.186560619606581,6.957919700145818,0
225.42255287809152,41.02442234508278,19.24593486806704,30.779472882378425,63.91628531047535,94.15689543824219,10.244949462704358,5.422552878091523,38.62732245160246,0
202.84410689019006,57.37653757511998,20.43574035951712,28.184460270896604,88.55939111964965,36.190302706025335,29.19207730422338,17.155893109809938,20.76474263067229,0
221.62839558664785,48.79767636040896,11.593589884639265,33.200000044908535,52.508203442445215,56.85602186543066,15.597676315500422,1.628395586647855,27.744417541296208,0
219.50155014033308,35.31954241489755,9.985696089808467,48.31032528704232,77.22487795679666,45.21995528195734,-12.99078287214477,0.4984498596669198,15.971481285808627,0
216.8782471409119,41.896922946150966,23.46848864404276,15.894106408772119,55.544893086578476,96.39353085251514,26.00281653737885,3.1217528590881045,40.38592334635253,0
218.07193732841603,38.85676855903706,4.813551830113678,36.25621910059302,54.70880217728168,40.154425384463416,2.6005494584440356,1.928062671583973,15.602712137852174,0
191.77226431753542,37.90211007766465,5.1686227885106035,22.70706158276878,85.12964452251445,80.06912392804202,15.195048494895872,28.227735682464584,30.347887489428214,0
211.76912638388558,54.78889558556779,7.004812248873594,29.84065282960215,82.2976108122677,86.9874539168062,24.948242755965644,8.230873616114422,47.65946529902285,0
221.39267351711672,31.282568707364945,4.1461756387460955,28.016959047370698,75.00603256315821,49.20458477328693,3.2656096599942472,1.3926735171167195,15.392458038877114,0
222.397845879961,61.087808557343735,9.104774356900478,26.573453937617955,40.73790273217489,44.03546330076381,34.51435461972578,2.397845879961011,26.900299518509954,0
204.58487288611062,53.28229690184623,21.860021447754093,29.916278967578165,58.15058910067584,77.29712388393652,23.366017934268065,15.415127113889383,41.18568304442695,0
238.98561761297051,55.90861670603698,14.768348175085784,20.926630837777676,35.67280633139795,92.16063822756107,34.9819858682593,18.985617612970515,51.52573798048451,0
207.00737727678248,40.37060487974742,9.886717166694329,38.233443489023735,51.07416886325778,77.94385597650144,2.1371613907236835,12.992622723217522,31.46640612431279,0
234.54185800790106,43.500592809208904,22.425859069709155,15.646851910411197,53.89491460318534,30.441372903267904,27.853740898797707,14.541858007901055,13.242177672183425,0
226.40791542807528,30.66848185475288,1.1631415794197357,34.31811610262674,78.21480281185316,89.94769726939349,-3.649634247873859,6.407915428075285,27.58559321583199,0
210.30659035234297,39.753375929331966,5.046628269644673,27.38771317972343,82.72198557274952,44.88235006931498,12.365662749608536,9.693409647657035,17.84224934897357,0
246.62966338914268,49.93654847643151,13.581326522442215,20.63260084954037,49.02340436775345,61.86064706001409,29.30394762689114,26.629663389142678,30.89107200695814,0
202.0954475236528,57.96063061781396,14.7732629566363,31.61906696478956,21.239311155126604,84.829205736344,26.3415636530244,17.90455247634719,49.1675425928678,0
233.78731260415003,33.92843183197549,0.9493801575027154,17.544391306348174,80.32416878525483,26.9555290660443,16.384040525627313,13.787312604150031,9.14558830412118,0
235.00873477064468,41.34494063014734,9.672930189771172,30.31771057375708,32.19950749509525,80.60591221097978,11.027230056390263,15.00873477064468,33.326466548018274,0
209.94069686385032,43.48700779767478,15.579695155940946,18.616984737507565,63.53173747232755,63.654651811960974,24.870023060167213,10.05930313614968,27.681503397050196,0
240.88697950096494,31.042107978075148,16.75369311368164,33.69017667454265,21.747963030389183,90.40074776448473,-2.648068696467501,20.88697950096494,28.062297734038708,0
216.2493022810157,50.913492417584,15.315357660390463,22.605141330956997,47.9654532682395,25.477336165918864,28.308351086627006,3.7506977189842985,12.971401617037488,0
224.33040443919785,37.76009668257391,7.693517384662189,26.392047863765526,89.01722114807448,47.86140133368356,11.368048818808383,4.330404439197849,18.07251141723363,0
223.9048275815683,43.04609648822976,2.2444829663498282,32.3515951035453,27.048552077266216,84.95587835801537,10.694501384684457,3.9048275815682985,36.5701893704144,0
217.9853688779418,40.48050628088122,10.250698714064018,23.819663105262112,49.65852063997496,11.730853311108415,16.66084317561911,2.014631122058205,4.748708811404205,0
232.16212409739674,37.106614942803255,3.0901064968333314,29.53628800265358,41.50049651329665,20.098123008907855,7.570326940149673,12.162124097396742,7.457733115646381,0
231.90233080828318,44.929550145194455,22.74296780449601,17.88935599004117,83.3561686371785,99.15086914810612,27.040194155153284,11.902330808283182,44.54803947329447,0
193.77202040142728,42.84390421431978,11.404100784543079,35.047004828769246,80.85380755351486,35.23547607313155,7.796899385550532,26.227979598572716,15.096253618232044,0
239.56510364317228,41.281421177213346,7.614220184564822,44.11931044440617,36.63891322143601,97.7988874351558,-2.8378892671928213,19.56510364317228,40.37277062873545,0
195.0626201794649,37.71538378319657,18.391297706853603,52.33767094327969,25.683145093530182,26.427839590780653,-14.622287160083118,24.937379820535114,9.96736112727049,0
235.48819306512485,48.195246707829554,11.950766221974334,30.729345173331513,63.899687584278226,42.498499870660204,17.46590153449804,15.488193065124847,20.48225685979131,0
236.90057705241375,61.536172684922846,7.440816576298801,36.305633126377494,43.545809831859685,77.75825000532136,25.230539558545352,16.90057705241375,47.849451000048575,0
203.63550354677201,46.39887232839127,19.48722581737924,15.754994616740086,67.04590734242441,69.20005665143606,30.643877711651186,16.364496453227986,32.10804593687425,0
213.83778568068124,54.96118214911129,20.81165162402693,42.021874610444705,22.248382924747013,62.301015993615,12.939307538666583,6.162214319318764,34.2413748809977,0
203.41442997271096,31.097780748465375,16.15219599092825,36.209828037792846,29.33794646242426,57.69092582245068,-5.112047289327471,16.585570027289037,17.940597624025507,0
216.77618454566897,46.5776143929377,1.127146137784015,26.128532440390135,68.04605629408503,85.90963992982662,20.449081952547562,3.2238154543310316,40.014660812875874,0
215.37948573721388,34.02631681028933,13.59174912399677,39.89744640231207,34.865945871174844,31.145370655005344,-5.87112959202274,4.620514262786116,10.597622490811004,0
231.6949079840401,30.230750724680988,18.31907788793476,27.964191386837268,80.03113730336811,49.82238342941666,2.26655933784372,11.6949079840401,15.061680539641719,0
239.65463119179412,37.60628592540964,3.276072290005972,26.335798535883548,24.10136213970948,23.990706294081157,11.270487389526089,19.654631191794124,9.022013604477406,0
240.93525716184934,56.91899334413573,5.4880980332304805,33.80267940341993,35.083738794990225,63.63474361576339,23.1163139407158,20.935257161849336,36.2202554832142,0
211.56747960132546,54.500158286696454,21.179882521635275,21.49316400135745,89.8992173939548,32.54899818441882,33.006994285339005,8.43252039867454,17.739255531242215,0
216.8616718938321,47.430047220544,0.4829213244737769,38.17299811519958,50.31532718107549,40.04578579090472,9.257049105344414,3.1383281061679043,18.99373511046401,0
194.74842711668575,29.67299440110069,18.065451307823423,21.552081504585253,69.20759644812505,52.41256449611753,8.120912896515438,25.251572883314253,15.552377328406244,0
207.91194900255718,43.03719348612063,11.37055902034615,21.59956168141451,32.78641341999096,12.409352713281507,21.43763180470612,12.08805099744282,5.3406371375901225,0
234.47277449646185,48.01700008901736,10.722531812150564,22.722481692733325,62.69081144898764,18.274414232875387,25.294518396284033,14.472774496461852,8.774825498467175,0
244.23374235322348,46.75536229578598,0.1703167798772922,36.076000300128975,70.8274247858593,71.73362986373976,10.679361995657004,24.233742353223477,33.53931853070965,0
201.48476692180117,26.56206416519254,19.665557543195828,25.06579710784234,42.013364510655734,48.607298264575654,1.4962670573502024,18.515233078198833,12.911101754003107,0
211.1130361127066,36.09682151980128,8.635797615277596,19.21603372506265,78.02279783831145,87.83111997999059,16.88078779473863,8.886963887293405,31.704242618019727,0
219.6039136456161,44.35922235851283,12.97837515121303,25.154560000513616,62.23923049305983,72.52048032797795,19.204662357999215,0.39608635438389683,32.16952112414929,0
224.2024173822941,50.3629090951719,16.255216472055828,29.743661034556105,47.238610673052115,10.72908474825902,20.619248060615796,4.202417382294101,5.403479198509643,0
207.8559472011753,23.038721789000537,16.863109834509977,20.552220130684915,59.0349675340211,65.50410976904215,2.486501658315621,12.144052798824703,15.091309610051141,0
226.36091566696135,43.37876024520141,22.943521411825735,20.786551127725254,60.3732593205147,18.435237945374478,22.59220911747616,6.360915666961347,7.99697766895639,0
212.89240979393625,46.43048769878952,12.752158877678617,46.89037067279668,31.587470488570624,80.28398618114448,-0.45988297400715794,7.1075902060637475,37.27624632793417,0
219.78321593682583,53.49611988516213,9.593269223386262,23.115476769488904,48.19126589068763,99.23569194506518,30.380643115673227,0.21678406317417398,53.08724473180225,0
228.1942637200555,51.928575842374364,22.88888703580099,27.415661049815945,44.04014116136452,57.807891481736036,24.51291479255842,8.194263720055488,30.018814770970767,0
220.09633404716408,50.82571318808805,15.410645640612508,27.062103993605714,48.06319058053883,71.45015501747173,23.76360919448234,0.09633404716407767,36.315050861624485,0
213.45421164210148,37.00059493298066,7.155608550637335,26.629145537836465,73.27774119396805,31.35827448052764,10.371449395144197,6.545788357898516,11.602748118512277,0
218.35585294111254,25.919978628766923,3.0351418896857076,34.970773919752816,53.777688522667084,49.383796937841424,-9.050795290985892,1.6441470588874552,12.80026961236215,0
218.67455561191997,41.06947242938599,20.221308035164352,37.585143603776395,85.8221307267485,87.04857990127454,3.4843288256095946,1.3254443880800295,35.75039252272598,0
214.44983455176808,55.0163182520856,8.692358467059638,27.552364547747263,40.55734893509053,25.06806529716261,27.463953704338333,5.5501654482319225,13.79152658352761,0
216.11805905999347,58.93454527524432,15.851273312746347,20.10817370726121,49.09925047994503,33.89820450523859,38.82637156798311,3.8819409400065297,19.977752681634744,0
243.97970755757075,52.10549102297785,11.299594064781555,40.19552182279123,75.08697673353291,50.089030775742714,11.909969200186623,23.979707557570748,26.099135434351233,0
228.4137917191186,49.29340822801734,4.77431471508092,29.23727127042654,58.22172153245252,74.10240026596125,20.0561369575908,8.413791719118592,36.527598669859685,0
215.5677952295626,48.79639648385965,14.440478606891162,43.84257451885735,58.29197024971134,43.82955593161064,4.953821965002305,4.432204770437409,21.387243889503758,0
230.45431606766104,39.43881253239219,1.4563936548163756,12.035312819478698,23.733811410362847,93.49590518047034,27.403499712913494,10.45431606766104,36.87367476958886,0
214.99270765365986,43.6993970644638,9.920219036908613,31.563225770266563,47.90197639029191,18.501134614184725,12.13617129419724,5.007292346340137,8.084884276483537,0
237.59686956379963,61.69069525826331,13.118758551928105,45.348850671009664,38.95136126952127,43.37237777903628,16.341844587253647,17.59686956379963,26.756721401927983,0
225.5446328829714,35.574419942081235,10.465127378845898,27.173886916494734,89.95345859817807,73.80587110855797,8.400533025586501,5.544632882971399,26.256010530069616,0
218.39046783993658,61.14778790709852,17.968132206023782,28.196052613322912,41.58485494426172,30.338808909534322,32.951735293775606,1.6095321600634236,18.551510525541957,0
226.71575388715416,41.77971845507942,19.8701989090875,32.36409353272271,81.91475743557044,69.07718208067057,9.415624922356706,6.715753887154165,28.860252190006737,0
196.4368577189725,58.25432109095078,18.509833776796274,25.529633448920343,67.33636145283342,24.779526240461134,32.72468764203044,23.563142281027496,14.435144780934634,0
203.09848796635293,30.931849905024617,0.9315107474832507,27.503424543578138,43.86414864344633,15.038225637551774,3.428425361446479,16.901512033647066,4.6516013825864455,0
202.09112490401418,50.859042011646494,4.659090490703333,27.297479246468775,58.047406486188656,20.8914145073784,23.56156276517772,17.90887509598582,10.625173281134792,0
222.1441464214556,37.63229864052378,12.878580222330584,24.980634124589013,78.83751159644356,93.69863048207212,12.651664515934765,2.144146421455588,35.26094844509422,0
245.98772499227638,30.847328080758125,22.43572897065123,39.830852401604474,81.83578086216383,59.65757946455962,-8.98352432084635,25.987724992276384,18.40276926247169,0
253.46950219288948,47.185340424109455,20.038962601250805,33.68862425837148,31.227571250430167,81.67111979316842,13.496716165737972,33.46950219288948,38.53679590258876,1
229.57076652161135,55.09471788595969,20.22082820044324,32.005025856826414,43.77011988457187,39.93890508145461,23.089692029133275,9.570766521611347,22.004227081368636,0
227.51266712416685,36.550585614065035,7.276996650232197,36.46856805512093,43.46562261495002,63.3392783096902,0.08201755894410212,7.512667124166853,23.15087714591424,0
192.9841339877089,30.00984039541599,10.306749529888862,27.885153334372266,22.94313572531613,54.54569203344924,2.1246870610437227,27.0158660122911,16.36907512181325,0
211.85989300398967,44.08155235665045,11.296942735582498,23.806369453176796,61.87664318963276,95.11641634620646,20.275182903473652,8.140106996010331,41.92879287142263,0
208.1832437213764,44.12564671222819,3.77691800039785,25.179005563083543,79.83740370945316,77.28171724486992,18.946641149144646,11.816756278623586,34.10105752461443,0
210.68728602623327,50.483196275544984,0.7456351258669516,30.01426432883687,46.71020714778625,75.74883683469211,20.468931946708114,9.312713973766733,38.240433975699936,0
217.47784272122814,54.495945713644886,22.725669587052405,21.526306333016784,71.8025161488924,14.171794249085158,32.9696393806281,2.522157278771857,7.7230533006308955,0
212.91864133454308,44.40584818727506,5.7771020559241615,25.997911867306595,63.93902895205179,59.470270210332195,18.407936319968467,7.081358665456918,26.40827790616238,0
190.31050284436319,63.55503314794263,5.7587736893671515,25.871066865028524,46.295411484510055,52.029230851163334,37.683966282914106,29.689497155636815,33.06719491407645,0
231.218653841763,47.24234744535292,2.001097290450229,46.99644983863211,29.874185964460796,93.50580399455751,0.24589760672080985,11.218653841763,44.17433680467955,0
203.90885461390292,41.535734939931004,22.284186046650685,7.809480480528666,69.65266969431772,33.1607789370579,33.72625445940234,16.091145386097082,13.773573243312837,0
223.58870296166725,28.88432640897172,13.913690758554527,28.563042228754934,79.81956182588684,34.28501079619849,0.32128418021678584,3.588702961667252,9.902994427725167,0
251.1112400462496,42.37340479683832,16.008884571008494,43.80555034251817,68.00981446810442,47.02116239933503,-1.4321455456798446,31.111240046249605,19.924467483648968,0
206.20923112620366,41.63613054588864,21.87784529431326,30.974755713059633,21.251493882437266,31.903274206573844,10.661374832829008,13.790768873796338,13.283288897061905,0
182.04568715880504,54.6030479628147,8.294884053618947,36.027339787368746,35.13630260736939,21.626552602787456,18.575708175445953,37.95431284119496,11.808756890403385,0
215.70993667179835,49.62483624066854,14.91617546731402,30.798610520798142,24.863598941847233,87.16733619857207,18.8262257198704,4.290063328201654,43.25664784389438,0
236.51439452497857,33.206308783673826,0.9311869134932991,24.661332950268157,59.927026970335874,60.24488719635242,8.544975833405669,16.51439452497857,20.005103268796763,0
249.3752118133089,46.72254386411038,4.482540677547104,12.064672523928696,72.95343751882888,87.52264470609101,34.657871340181686,29.37521181330891,40.89280606383286,0
201.55675608321374,51.71531171729053,19.949899322158622,31.64364549629042,27.74054309480616,84.80212888633262,20.07166622100011,18.44324391678626,43.855685296465396,0
227.45048834854782,60.280313593878326,18.40244055212006,23.79514716318087,78.68364744153698,35.3838119310704,36.485166430697454,7.450488348547822,21.329472793517372,0
213.0203431482992,53.875039674140595,8.415424594971526,23.59731675067757,58.885628487683825,59.296369989184655,30.277722923463024,6.97965685170081,31.945942856998432,0
218.41077468543796,52.60846654311478,9.0434550665811,26.008101952167106,68.29783084992074,17.48959324660634,26.600364590947674,1.589225314562043,9.201006811667758,0
259.66515020525554,45.60085994615164,12.805306405285908,43.95889125298795,87.99812940260523,92.37266956276825,1.6419686931636903,39.66515020525554,42.1227316758394,0
197.4554450740727,48.883120054234496,0.0057841124432291835,49.238700338031784,25.857669177338813,46.38364435586378,-0.3555802837972877,22.544554925927287,22.673772556006057,0
223.8060949224186,57.49504900706159,5.789864064912669,31.737663500227207,83.08568160844524,45.430856550011924,25.75738550683438,3.8060949224185947,26.120493237757206,0
227.0153975764815,31.672226025203503,4.997563406597147,26.28186220870618,28.827188719118652,37.24798335561579,5.390363816497324,7.01539757648149,11.797265478220814,0
236.28679487409022,41.50560672783044,6.011590721994323,20.582188660390315,47.50711646456776,51.45973702396334,20.923418067440124,16.28679487409022,21.358676072341982,0
221.46974730206344,37.27431251243759,19.341740220802592,33.74832129236855,79.600708743178,32.65834478909032,3.525991220069038,1.469747302063439,12.173173498074902,0
224.62075809256154,48.79153118726124,6.712172557114636,44.26324480052115,83.43779657165078,43.73670455171241,4.528286386740092,4.620758092561545,21.339807841629067,0
214.12527148867312,57.302221756507876,4.596511729203556,28.021276903798746,55.44601714816017,81.99523437263937,29.28094485270913,5.874728511326879,46.985091029978186,0
224.0369041186766,39.03025713278926,12.102323059032756,10.968031673974206,61.58732467927976,85.08299532266547,28.062225458815053,4.036904118676603,33.20811185071539,0
214.85211586753886,21.09695632530562,20.775480872945565,35.36039737452419,69.570313421899,37.37642298656645,-14.26344104921857,5.147884132461144,7.885287633437415,0
229.32357834784077,40.8777925497553,5.792392892099997,37.883197691600394,78.29310679169,52.21129874975091,2.9945948581549047,9.323578347840765,21.342826390456157,0
214.45584495934548,54.13473732017407,1.8848698270271687,17.31323487691322,28.50578186763663,88.6437798652047,36.82150244326085,5.544155040654516,47.98707738070192,0
225.6565059085328,50.376299029498796,8.553713660391953,31.41187346930362,76.70485157604594,14.740599864672742,18.964425560195174,5.656505908532807,7.425768666569435,0
219.56105779472531,49.281862478105765,17.943643789559466,33.60980812908879,53.68933053581317,90.02304657962068,15.672054349016975,0.4389422052746852,44.36503401396976,0
236.89075376158252,42.200066981255205,13.216573072675072,29.41514158392849,51.543639757571825,29.72659110870985,12.784925397326713,16.890753761582516,12.544641359119412,0
219.2290941461727,32.209692637802135,19.603040869784337,23.67383264731717,49.67298263978988,71.06853197929382,8.535859990484965,0.770905853827287,22.89095571272866,0
193.40451297689677,50.15294321624467,23.030211542621615,38.12749778850845,55.64481096722298,62.42965267461402,12.025445427736223,26.59548702310323,31.310308255997942,0
238.92882251070986,36.65718189965375,19.02389944203881,26.77296203225054,86.15353873762224,59.76466733703269,9.88421986740321,18.928822510709864,21.908042817459023,0
206.4140154870607,66.84096733380457,14.491273892250081,18.11851069840054,58.37426409545061,87.34242022775392,48.72245663540403,13.58598451293929,58.38051857298731,1
210.1935049202677,50.70507208354516,11.84019811325713,13.604204114642553,86.72242767841975,19.141492928019517,37.100867968902605,9.806495079732287,9.705707787018994,0
211.06508058934762,39.19351697446049,0.9616580723584001,40.08679615999448,32.62030914309484,41.23252227930725,-0.8932791855339843,8.934919410652384,16.160475618538488,0
240.61657139756227,38.88614752611372,23.62372749153699,34.933311811768945,70.68951851828432,58.442747171028905,3.952835714344772,20.616571397562268,22.726132883239952,0
187.96488679031955,44.070557933864116,9.20354694180102,30.70378837703335,76.8567677026123,83.01599685514358,13.366769556830764,32.035113209680446,36.58561298842087,0
267.0662280048999,42.6049807797825,3.6534771340048033,26.47780290519357,67.53901819344034,29.479877507050436,16.12717787458893,47.066228004899926,12.559896145782263,0
235.8408521359908,56.16833775529955,16.001012529514963,25.768012686374984,62.484559615857826,82.26368572368486,30.400325068924563,15.840852135990787,46.20614484723745,0
223.3485837119374,46.864161697440466,6.822918938291024,21.394106812467108,59.53689467603276,45.967463424454216,25.470054884973358,3.3485837119374082,21.54226638744803,0
219.1765899907557,37.683682610914715,14.058678502345142,26.548354843520922,80.26513378050872,27.002247079032585,11.135327767393793,0.8234100092442986,10.17544108707763,0
224.28331112286486,63.90440685155782,14.08242978827019,13.039302279038605,77.51526180151501,78.30877963991344,50.865104572519215,4.283311122864859,50.04276114158016,0
227.81683642569007,45.49308331520223,10.69751570166886,24.111490772251887,28.560210482641967,18.1809011327093,21.38159254295034,7.81683642569007,8.271052499757987,0
229.67823378925087,52.68839675968897,20.066846773081025,27.51249986919125,79.40113599216147,56.329063666789864,25.17589689049772,9.678233789250868,29.67888055577605,0
228.33406699005172,38.91773492555241,6.359209477330633,34.87904037752335,48.98480336083097,15.748820547569958,4.038694548029056,8.334066990051724,6.129084234604208,0
221.34371021882873,48.631156277445236,10.767182198825619,29.68058829301309,37.75877809970676,42.07760696420088,18.950567984432144,1.3437102188287326,20.46282680056971,0
217.03992369539012,48.11109991143195,12.904611086183316,36.35938491100447,80.88379976097481,64.09691191057533,11.751715000427481,2.960076304609885,30.837729329439423,0
217.73090074519732,26.103507079038472,15.92699329841519,40.793080840907436,50.241735974361916,60.05039873384918,-14.689573761868964,2.2690992548026827,15.675260084481149,0
217.07637579470978,65.15275110460641,18.815324412134146,38.465360750592815,76.58552831237716,46.418987611419986,26.687390354013594,2.923624205290224,30.24324746374655,1
237.00655145300595,57.906444609225474,9.475374789078145,33.76407877902845,38.438252836909115,48.61431945749041,24.142365830197022,17.006551453005954,28.150823968803607,0
228.90335083421292,41.02804683854012,15.505126658318304,30.094901433446275,20.275052499555247,30.40925980156899,10.933145405093846,8.903350834212915,12.476325354641078,0
175.8941704800358,33.977302595441444,3.614662873644459,22.153695932691527,54.682143503206106,51.02943295816926,11.823606662749917,44.1058295199642,17.338424848935095,0
229.8385116479464,48.47561613803552,22.383554413019485,35.91955241103453,27.0159779650019,95.79293701487508,12.55606372700099,9.838511647946405,46.43621643468098,0
222.92104292078162,45.86697699414397,9.193411354104086,43.43797905777223,72.80631688674367,86.54076260054113,2.4289979363717364,2.921042920781616,39.69363167254695,0
219.71936865331153,48.55668948563229,17.508514127434523,32.736848317203346,39.32525952485872,23.07095821687094,15.819841168428944,0.280631346688466,11.202493542725993,0
214.1722232036667,46.91577396194089,0.48818596517226354,45.33807318740898,51.055195262243515,12.680270858882885,1.5777007745319125,5.827776796333296,5.949047213915355,0
236.8616907997902,50.06240989305926,4.924491429715368,17.79542633551133,26.0923495564088,94.01718814449676,32.26698355754793,16.86169079979021,47.06727009882668,0
234.21289693184286,59.473056993918064,11.689981063765872,20.76669292176367,40.06614739130769,57.407477489267286,38.70636407215439,14.212896931842863,34.141981805962615,0
208.40683498264588,50.681032051286465,21.078059225576318,36.8416120619861,74.70431702810004,58.405404083437695,13.839419989300367,11.593165017354124,29.600461563210434,0
226.10578430686803,34.50344501090059,12.654123598816252,32.11432168122601,30.611153833162362,80.26461961358702,2.3891233296745824,6.105784306868031,27.694058891582525,0
205.4251489818807,58.62562852712452,22.3168915750531,40.51025741257446,65.30116927888702,38.32200764841939,18.115371114550058,14.57485101811929,22.466517848098597,0
199.30572752816605,61.406145634882876,11.611125517987112,29.876226874186084,84.21980969631508,53.37168119524019,31.52991876069679,20.694272471833955,32.77349228253459,0
210.59924163115053,76.52056734512085,11.7707783216628,23.056196619773345,67.58857318304041,97.17966218320639,53.46437072534751,9.400758368849466,74.36242884666139,1
232.9359020857414,33.76505966760402,2.8739229240127653,28.29125406235966,76.77151825045587,70.49338182391665,5.473805605244362,12.93590208574139,23.802132434557382,0
234.2968756806413,47.42882013150275,19.263749859653274,17.73852823261013,27.628014051274107,23.837052879620735,29.690291898892617,14.296875680641307,11.305632934926514,0
227.6962813014594,24.17901296811013,5.9271698992095,20.971274615223724,37.55122782014381,21.9904073185918,3.2077383528864054,7.696281301459408,5.31706343730255,0
230.87643680271995,50.53149156379209,21.590699744935563,37.77955198334408,82.61771965684137,28.383828249970485,12.75193958044801,10.876436802719951,14.342771777615072,0
227.74267430672438,39.517997018332274,21.859781287929508,36.982299315756876,70.05739295326624,79.00405069786457,2.5356977025753977,7.742674306724382,31.22081839914384,0
210.37777607165572,64.23445794824953,22.639442684979592,32.90403427844861,64.76876784641178,36.583930345655446,31.330423669800915,9.622223928344283,23.499489353696944,0
226.4788381701091,37.25385029981418,12.48553173847416,16.231379832316243,66.463671528519,11.924996200757182,21.02247046749794,6.4788381701091,4.442520232888609,0
232.00614287841523,28.108169620327384,16.250250834807463,27.132771395896892,48.99403880132504,94.97569271550957,0.9753982244304922,12.006142878415233,26.69592880655635,0
231.3143699472036,40.2873625929748,18.684381121479923,20.200000890719593,23.118964213235724,25.27420747554196,20.08736170225521,11.314369947203602,10.182311608172332,0
237.83370057211965,25.245122287828625,3.1443508476111743,39.41226603030212,74.91090794495103,10.860236753326172,-14.167143742473495,17.833700572119653,2.741680049124901,0
230.62455770801597,52.5109945450731,14.422972679939933,25.33022293149919,67.50992653507477,31.34184421449907,27.180771613573913,10.62455770801597,16.457914105800917,0
225.27172311312376,24.349169537436794,0.8231496312794802,21.314018313747603,53.09631248789073,31.152590840632033,3.0351512236891907,5.271723113123755,7.5853971590895,0
236.0522535747464,45.28457581183159,11.941586001329421,30.238369320971394,82.98317307577801,47.980472576115076,15.046206490860193,16.052253574746402,21.727753478605894,0
219.6021811112641,24.22188180143803,3.7162243588854578,24.878764345323106,43.53117654895692,92.83508483500331,-0.6568825438850752,0.3978188887359124,22.486404518999226,0
206.77188023158425,41.79702195463358,4.390150223090033,41.86995128162965,40.60252209618652,89.12664260011881,-0.0729293269960749,13.228119768415752,37.25228237499946,0
217.55399554084354,61.43378155804534,8.761141600622437,24.121512819726473,81.09574275556099,51.120509948418515,37.31226873831886,2.4460044591564554,31.40526241307027,0
208.82646032790328,48.60647891435795,10.378492001196072,18.806173926202952,75.78913583312898,46.98099144926259,29.800304988155,11.173539672096723,22.835805702542135,0
